draft_class,full_name,position,country,college,class,G,MP,FG,FGA,2P,2PA,3P,3PA,FT,FTA,ORB,DRB,TRB,AST,STL,BLK,TOV,PF,PTS,MPpg,FGpg,FGApg,2Ppg,2PApg,3Ppg,3PApg,FTpg,FTApg,ORBpg,DRBpg,TRBpg,ASTpg,STLpg,BLKpg,TOVpg,PFpg,PTSpg,FG_40,FGA_40,2P_40,2PA_40,3P_40,3PA_40,FT_40,FTA_40,ORB_40,DRB_40,TRB_40,AST_40,STL_40,BLK_40,TOV_40,PF_40,PTS_40,PER,TS%,eFG%,ORB%,DRB%,TRB%,AST%,STLpct,BLKpct,TOVpct,USGpct,PProd,ORtg,DRtg,OWS,DWS,WS,OBPM,DBPM,BPM,nba_WS,nba_G,nba_GS,nba_MP,nba_PER,nba_NetRtg,nba_WS48,nba_BPM,nba_VORP
2018,Trevon Duval,PG, United States,Duke ,Fr.,37,1103,148,346,117,239,31,107,53,89,20,53,73,207,54,5,102,89,380,29.8,4,9.4,3.2,6.5,0.8,2.9,1.4,2.4,0.5,1.4,2,5.6,1.5,0.1,2.8,2.4,10.3,5.4,12.5,4.2,8.7,1.1,3.9,1.9,3.2,0.7,1.9,2.6,7.5,2,0.2,3.7,3.2,13.8,14,0.5,0.5,2.1,4.9,3.6,30.3,2.8,0.5,20.8,21.3,449,104.3,103.2,1.5,1.5,3,1.7,1.5,3.2,0.1,3,0,6,38.3,69,0.5,24.4,0
2019,Shamorie Ponds,PG, United States,St. John's ,Jr.,33,1159,216,477,151,293,65,184,153,183,32,104,136,169,87,9,65,66,650,35.1,6.5,14.5,4.6,8.9,2,5.6,4.6,5.5,1,3.2,4.1,5.1,2.6,0.3,2,2,19.7,7.5,16.5,5.2,10.1,2.2,6.4,5.3,6.3,1.1,3.6,4.7,5.8,3,0.3,2.2,2.3,22.4,27,0.6,0.5,3.1,10.2,6.6,29.2,4.1,0.9,10.3,27.1,675,119.2,101.5,4.3,1.7,6,7.8,1.3,9.1,0.1,4,0,11,33.2,57,0.5,13.7,0
2014,Sim Bhullar,C, Canada,New Mexico State ,So.,30,790,125,193,125,193,0,0,63,117,80,155,235,42,3,101,63,83,313,26.3,4.2,6.4,4.2,6.4,0,0,2.1,3.9,2.7,5.2,7.8,1.4,0.1,3.4,2.1,2.8,10.4,6.3,9.8,6.3,9.8,0,0,3.2,5.9,4.1,7.8,11.9,2.1,0.2,5.1,3.2,4.2,15.8,25,0.6,0.6,12.9,20.8,17.2,11,0.2,11.2,20.2,20,314,115.1,94.5,1.8,1.8,3.5,1.4,6.1,7.5,0,3,0,3,44.3,36,0.4,32.5,0
2017,Troy Caupain,PG, United States,Cincinnati ,Sr.,36,1162,130,330,81,179,49,151,68,99,23,142,165,158,42,11,48,53,377,32.3,3.6,9.2,2.3,5,1.4,4.2,1.9,2.8,0.6,3.9,4.6,4.4,1.2,0.3,1.3,1.5,10.5,4.5,11.4,2.8,6.2,1.7,5.2,2.3,3.4,0.8,4.9,5.7,5.4,1.4,0.4,1.7,1.8,13,17,0.5,0.5,2.3,14.5,8.3,24.4,2.2,1.1,11.3,18.9,410,114.8,96,2.5,2.3,4.8,3.4,3.6,6.9,0.1,4,0,16,30.7,37,0.3,13.3,0.1
2019,Max Strus,SG, United States,DePaul ,Sr.,35,1309,232,541,119,230,113,311,128,152,39,168,207,77,33,17,70,103,705,37.4,6.6,15.5,3.4,6.6,3.2,8.9,3.7,4.3,1.1,4.8,5.9,2.2,0.9,0.5,2,2.9,20.1,7.1,16.5,3.6,7,3.5,9.5,3.9,4.6,1.2,5.1,6.3,2.4,1,0.5,2.1,3.1,21.5,20,0.6,0.5,3.5,14.8,9.1,11.3,1.4,1.6,10.2,25.2,638,117.6,108.6,3.9,1,4.9,5.7,-1.3,4.4,0,2,0,6,30.7,34,0.3,4.4,0
2019,Tyler Cook,PF, United States,Iowa ,Jr.,33,1016,174,341,174,335,0,6,130,202,71,181,252,80,24,18,92,77,478,30.8,5.3,10.3,5.3,10.2,0,0.2,3.9,6.1,2.2,5.5,7.6,2.4,0.7,0.5,2.8,2.3,14.5,6.9,13.4,6.9,13.2,0,0.2,5.1,8,2.8,7.1,9.9,3.1,0.9,0.7,3.6,3,18.8,19,0.5,0.5,8.2,20.1,14.2,16.6,1.3,2,17.4,26,482,105.5,104,1.8,1.2,3.1,1.8,2.3,4.2,0.2,11,0,35,23.8,34,0.2,2.4,0
2017,Eric Mika,PF/C, United States,BYU ,So.,34,974,233,441,233,440,0,1,225,295,104,208,312,56,19,63,84,92,691,28.6,6.9,13,6.9,12.9,0,0,6.6,8.7,3.1,6.1,9.2,1.6,0.6,1.9,2.5,2.7,20.3,9.6,18.1,9.6,18.1,0,0,9.2,12.1,4.3,8.5,12.8,2.3,0.8,2.6,3.4,3.8,28.4,30,0.6,0.5,11.7,20.7,16.5,12.8,1,6.6,12.6,31.6,658,118.2,96.3,3.8,1.9,5.7,3.6,3.4,7,0.1,1,0,19,14,60,0.2,-3.1,0
2017,Chris Boucher,PF, Canada,Oregon ,Sr.,31,731,141,269,105,166,36,103,48,85,54,134,188,13,12,79,32,83,366,23.6,4.5,8.7,3.4,5.4,1.2,3.3,1.5,2.7,1.7,4.3,6.1,0.4,0.4,2.5,1,2.7,11.8,7.7,14.7,5.7,9.1,2,5.6,2.6,4.7,3,7.3,10.3,0.7,0.7,4.3,1.8,4.5,20,25,0.6,0.6,9,20.1,14.9,3.5,1,11.8,9.4,23.6,318,118.1,91.8,2,1.8,3.8,2.9,5.7,8.6,3.9,84,0,888,20.2,19,0.2,1.6,0.8
2016,Shawn Long,PF, United States,Louisiana–Lafayette ,Sr.,34,1042,232,443,214,376,18,67,160,235,137,274,411,47,24,61,91,95,642,30.6,6.8,13,6.3,11.1,0.5,2,4.7,6.9,4,8.1,12.1,1.4,0.7,1.8,2.7,2.8,18.9,8.9,17,8.2,14.4,0.7,2.6,6.1,9,5.3,10.5,15.8,1.8,0.9,2.3,3.5,3.6,24.6,30,0.6,0.5,14,28.7,21.2,9.9,1.3,5.7,14.1,28.8,618,116.8,96,3.6,2.1,5.7,3.4,2.1,5.5,0.9,18,0,234,24.1,12,0.2,1.2,0.2
2019,John Konchar,SG, United States,Purdue Fort Wayne ,Sr.,33,1131,231,423,178,284,53,139,127,178,73,209,282,179,65,31,91,69,642,34.3,7,12.8,5.4,8.6,1.6,4.2,3.8,5.4,2.2,6.3,8.5,5.4,2,0.9,2.8,2.1,19.5,8.2,15,6.3,10,1.9,4.9,4.5,6.3,2.6,7.4,10,6.3,2.3,1.1,3.2,2.4,22.7,30,0.6,0.6,7.6,20.4,14.2,29.3,3.1,2.8,15.2,25.9,701,125.8,101.4,5.1,1.6,6.8,6.2,1.4,7.6,0.7,15,0,167,19,33,0.2,5,0.3
2015,Jordan Sibert,SG, United States,Dayton ,Sr.,36,1215,177,388,97,159,80,229,145,184,8,110,118,71,62,5,65,73,579,33.8,4.9,10.8,2.7,4.4,2.2,6.4,4,5.1,0.2,3.1,3.3,2,1.7,0.1,1.8,2,16.1,5.8,12.8,3.2,5.2,2.6,7.5,4.8,6.1,0.3,3.6,3.9,2.3,2,0.2,2.1,2.4,19.1,21,0.6,0.6,0.9,10.8,6.1,14.1,3.2,0.5,12,25,513,114.5,95.2,3.3,2.4,5.7,6,1.6,7.6,0,1,0,4,29.7,177,0.2,16,0
2019,Chris Silva,PF, Gabon,South Carolina ,Sr.,32,853,150,295,127,249,23,46,163,219,85,159,244,30,28,62,73,114,486,26.7,4.7,9.2,4,7.8,0.7,1.4,5.1,6.8,2.7,5,7.6,0.9,0.9,1.9,2.3,3.6,15.2,7,13.8,6,11.7,1.1,2.2,7.6,10.3,4,7.5,11.4,1.4,1.3,2.9,3.4,5.3,22.8,27,0.6,0.5,10.7,21.2,15.8,7.8,1.8,8.5,15.5,26.6,458,117,96.7,2.8,1.6,4.4,3.7,5,8.7,1.1,41,0,307,17.2,14,0.2,-2.5,0
2015,Christian Wood,PF, United States,UNLV ,So.,33,1078,187,376,162,288,25,88,120,163,94,235,329,43,11,90,79,86,519,32.7,5.7,11.4,4.9,8.7,0.8,2.7,3.6,4.9,2.8,7.1,10,1.3,0.3,2.7,2.4,2.6,15.7,6.9,14,6,10.7,0.9,3.3,4.5,6,3.5,8.7,12.2,1.6,0.4,3.3,2.9,3.2,19.3,26,0.6,0.5,10.4,22.8,17,9.2,0.6,8.2,14.8,26.6,499,109.9,93.5,2.7,2.3,5,2.2,3.2,5.4,6.4,113,14,1828,22,11,0.2,2.2,1.9
2017,Devin Robinson,SF, United States,Florida ,Jr.,36,952,142,299,99,189,43,110,73,101,62,158,220,23,31,29,39,81,400,26.4,3.9,8.3,2.8,5.3,1.2,3.1,2,2.8,1.7,4.4,6.1,0.6,0.9,0.8,1.1,2.3,11.1,6,12.6,4.2,7.9,1.8,4.6,3.1,4.2,2.6,6.6,9.2,1,1.3,1.2,1.6,3.4,16.8,20,0.6,0.5,7.3,18.7,12.9,4.8,1.9,3.1,10.1,20,371,118.7,93.6,2.3,2.1,4.5,4.4,4.7,9.1,0.4,8,0,108,19.4,16,0.2,1.4,0.1
2016,Jameel Warney,PF, United States,Stony Brook ,Sr.,33,1086,272,432,272,432,0,0,111,178,148,209,357,52,31,98,44,71,655,32.9,8.2,13.1,8.2,13.1,0,0,3.4,5.4,4.5,6.3,10.8,1.6,0.9,3,1.3,2.2,19.8,10,15.9,10,15.9,0,0,4.1,6.6,5.5,7.7,13.1,1.9,1.1,3.6,1.6,2.6,24.1,36,0.6,0.6,15.3,21.4,18.4,10.6,1.7,9.7,7.8,25.6,606,132.7,88.6,5.3,2.9,8.3,5.7,5.7,11.4,0.1,3,0,27,22.5,6,0.2,-0.2,0
2018,Marcus Derrickson,SF, United States,Georgetown ,Jr.,29,927,150,297,103,196,47,101,113,131,67,167,234,46,20,19,63,70,460,32,5.2,10.2,3.6,6.8,1.6,3.5,3.9,4.5,2.3,5.8,8.1,1.6,0.7,0.7,2.2,2.4,15.9,6.5,12.8,4.4,8.5,2,4.4,4.9,5.7,2.9,7.2,10.1,2,0.9,0.8,2.7,3,19.8,22,0.6,0.6,8.5,20,14.4,10.2,1.2,2.2,14.9,22.1,421,121.2,104,2.7,1.2,3.9,4.9,1.4,6.3,0.2,11,0,67,19.4,7,0.2,-2.7,0
2011,Greg Smith,C, United States,Fresno State ,So.,31,942,139,242,139,241,0,1,86,158,70,182,252,54,35,35,57,81,364,30.4,4.5,7.8,4.5,7.8,0,0,2.8,5.1,2.3,5.9,8.1,1.7,1.1,1.1,1.8,2.6,11.7,5.9,10.3,5.9,10.2,0,0,3.7,6.7,3,7.7,10.7,2.3,1.5,1.5,2.4,3.4,15.5,22,0.6,0.6,8.2,22.4,15.2,12.8,2.2,4.1,15.2,19.8,348,110.9,96.3,1.9,1.7,3.6,1,3,4,5.3,131,12,1642,14.5,18,0.2,-1.2,0.3
2012,Tony Mitchell,SF, United States,Alabama ,Jr.,22,684,117,260,94,186,23,74,32,52,37,118,155,40,22,31,41,61,289,31.1,5.3,11.8,4.3,8.5,1,3.4,1.5,2.4,1.7,5.4,7,1.8,1,1.4,1.9,2.8,13.1,6.8,15.2,5.5,10.9,1.3,4.3,1.9,3,2.2,6.9,9.1,2.3,1.3,1.8,2.4,3.6,16.9,21,0.5,0.5,6.8,21.1,14.1,14.1,2,5.3,12.6,25.9,270,103.1,88.7,1.2,1.7,2.8,2.3,5.2,7.5,0.2,21,0,79,18.1,13,0.2,0.4,0
2014,Shayne Whittington,PF/C, United States,Western Michigan ,Sr.,31,987,188,357,182,324,6,33,117,152,74,201,275,34,24,47,58,74,499,31.8,6.1,11.5,5.9,10.5,0.2,1.1,3.8,4.9,2.4,6.5,8.9,1.1,0.8,1.5,1.9,2.4,16.1,7.6,14.5,7.4,13.1,0.2,1.3,4.7,6.2,3,8.1,11.1,1.4,1,1.9,2.4,3,20.2,26,0.6,0.5,9.8,22.6,16.8,8.8,1.5,5.5,11.9,25.9,471,117.1,96.3,2.9,2,4.9,0.9,2.3,3.3,0.4,27,0,149,16.5,5,0.1,-1.8,0
2011,Chris Wright,F, United States,Dayton ,Sr.,36,1038,179,390,174,368,5,22,111,185,83,218,301,66,28,51,102,101,474,28.8,5,10.8,4.8,10.2,0.1,0.6,3.1,5.1,2.3,6.1,8.4,1.8,0.8,1.4,2.8,2.8,13.2,6.9,15,6.7,14.2,0.2,0.8,4.3,7.1,3.2,8.4,11.6,2.5,1.1,2,3.9,3.9,18.3,20,0.5,0.5,8.7,24,16.2,15.4,1.6,5.9,17.6,28.2,453,96.2,92.4,0.9,2.2,3.2,-0.7,5.3,4.6,0.9,32,1,312,17.7,10,0.1,-0.1,0.2
2011,Chris Wright,PG, United States,Georgetown ,Sr.,36,1038,179,390,174,368,5,22,111,185,83,218,301,66,28,51,102,101,474,28.8,5,10.8,4.8,10.2,0.1,0.6,3.1,5.1,2.3,6.1,8.4,1.8,0.8,1.4,2.8,2.8,13.2,6.9,15,6.7,14.2,0.2,0.8,4.3,7.1,3.2,8.4,11.6,2.5,1.1,2,3.9,3.9,18.3,20,0.5,0.5,8.7,24,16.2,15.4,1.6,5.9,17.6,28.2,453,96.2,92.4,0.9,2.2,3.2,-0.7,5.3,4.6,0.9,32,1,312,17.7,10,0.1,-0.1,0.2
2013,Jack Cooley,PF, United States,Notre Dame ,Sr.,35,1026,173,299,172,297,1,2,111,158,141,213,354,29,23,41,50,93,458,29.3,4.9,8.5,4.9,8.5,0,0.1,3.2,4.5,4,6.1,10.1,0.8,0.7,1.2,1.4,2.7,13.1,6.7,11.7,6.7,11.6,0,0.1,4.3,6.2,5.5,8.3,13.8,1.1,0.9,1.6,1.9,3.6,17.9,28,0.6,0.6,17.4,26.5,21.9,6.3,1.4,4,11.8,22.8,444,125.2,95.3,4.1,1.8,6,5.8,2.8,8.6,0.5,23,0,174,15.6,7,0.1,-3.1,0
2017,Matt Thomas,SG, United States,Iowa State ,Sr.,35,1083,146,306,57,106,89,200,49,55,22,115,137,58,32,4,40,50,430,30.9,4.2,8.7,1.6,3,2.5,5.7,1.4,1.6,0.6,3.3,3.9,1.7,0.9,0.1,1.1,1.4,12.3,5.4,11.3,2.1,3.9,3.3,7.4,1.8,2,0.8,4.2,5.1,2.1,1.2,0.1,1.5,1.8,15.9,18,0.6,0.6,2.3,11.5,7,9.1,1.7,0.4,10.7,17.3,384,124.3,104.9,2.8,1.3,4,6.4,1.9,8.4,0.9,33,0,321,13.6,11,0.1,1.4,0.3
2015,Alan Williams,C/F, United States,UC Santa Barbara ,Sr.,26,847,160,349,160,346,0,3,129,168,86,222,308,45,31,47,51,70,449,32.6,6.2,13.4,6.2,13.3,0,0.1,5,6.5,3.3,8.5,11.8,1.7,1.2,1.8,2,2.7,17.3,7.6,16.5,7.6,16.3,0,0.1,6.1,7.9,4.1,10.5,14.5,2.1,1.5,2.2,2.4,3.3,21.2,30,0.5,0.5,12.3,31.6,22,12.9,2.3,6.5,10.6,30.9,436,111.1,89.7,2.6,2.1,4.7,1.3,4.5,5.8,2.5,67,0,872,19.2,6,0.1,-1.1,0.2
2017,Amile Jefferson,PF, United States,Duke ,Sr.,35,1039,146,238,146,238,0,0,90,143,84,209,293,53,24,65,49,93,382,29.7,4.2,6.8,4.2,6.8,0,0,2.6,4.1,2.4,6,8.4,1.5,0.7,1.9,1.4,2.7,10.9,5.6,9.2,5.6,9.2,0,0,3.5,5.5,3.2,8,11.3,2,0.9,2.5,1.9,3.6,14.7,23,0.6,0.6,9.7,22.1,16.1,9.3,1.3,5.9,13.8,17.1,396,125.9,97.5,3,2,4.9,4,6.1,10.2,0.4,30,0,142,14.7,11,0.1,-1.9,0
2019,Terence Davis,SG, United States,Ole Miss ,Sr.,33,1024,179,403,114,228,65,175,78,101,37,154,191,114,54,21,91,88,501,31,5.4,12.2,3.5,6.9,2,5.3,2.4,3.1,1.1,4.7,5.8,3.5,1.6,0.6,2.8,2.7,15.2,7,15.7,4.5,8.9,2.5,6.8,3,3.9,1.4,6,7.5,4.5,2.1,0.8,3.6,3.4,19.6,21,0.6,0.5,4.5,17.5,11.2,22.9,3,2.2,16.8,27,499,108,100,2.2,1.6,3.8,4,3.3,7.3,3,64,2,1087,14.5,7,0.1,1.3,0.9
2014,James Michael McAdoo,PF, United States,North Carolina ,Jr.,34,1023,173,378,173,371,0,7,138,257,90,140,230,59,45,31,48,92,484,30.1,5.1,11.1,5.1,10.9,0,0.2,4.1,7.6,2.6,4.1,6.8,1.7,1.3,0.9,1.4,2.7,14.2,6.8,14.8,6.8,14.5,0,0.3,5.4,10,3.5,5.5,9,2.3,1.8,1.2,1.9,3.6,18.9,20,0.5,0.5,9.5,14.9,12.2,11,2.5,3.2,8.8,25.5,473,108.4,98.1,1.9,1.9,3.9,1.8,3.9,5.7,2.4,111,3,874,14.6,7,0.1,-1.9,0
2013,Reggie Hearn,SG, United States,Northwestern ,Sr.,30,989,128,290,90,177,38,113,108,147,29,110,139,46,35,11,57,79,402,33,4.3,9.7,3,5.9,1.3,3.8,3.6,4.9,1,3.7,4.6,1.5,1.2,0.4,1.9,2.6,13.4,5.2,11.7,3.6,7.2,1.5,4.6,4.4,5.9,1.2,4.4,5.6,1.9,1.4,0.4,2.3,3.2,16.3,18,0.6,0.5,3.5,14.9,8.8,12.1,2.3,1.2,13.7,24,358,105,103.7,1.8,0.9,2.7,2.9,1.1,4,0,3,0,7,13.1,27,0.1,1.5,0
2018,Jordan McLaughlin,PG, United States,USC ,Sr.,36,1270,159,354,105,218,54,136,88,118,26,106,132,281,72,8,92,39,460,35.3,4.4,9.8,2.9,6.1,1.5,3.8,2.4,3.3,0.7,2.9,3.7,7.8,2,0.2,2.6,1.1,12.8,5,11.1,3.3,6.9,1.7,4.3,2.8,3.7,0.8,3.3,4.2,8.9,2.3,0.3,2.9,1.2,14.5,21,0.6,0.5,2.4,9.8,6.1,38.5,3.3,0.7,18.3,20.1,567,118.7,103.2,3.6,1.8,5.3,5.3,1.8,7.1,1.6,30,2,590,16.3,8,0.1,0.3,0.3
2018,Johnathan Williams,PF, United States,Gonzaga ,Sr.,37,1079,197,350,189,315,8,35,94,174,87,226,313,59,27,40,80,98,496,29.2,5.3,9.5,5.1,8.5,0.2,0.9,2.5,4.7,2.4,6.1,8.5,1.6,0.7,1.1,2.2,2.6,13.4,7.3,13,7,11.7,0.3,1.3,3.5,6.5,3.2,8.4,11.6,2.2,1,1.5,3,3.6,18.4,22,0.6,0.6,9.7,22.6,16.5,9.6,1.4,4,15.6,23.5,491,112,93.7,2.4,2.5,4.9,1.4,4.5,5.9,1.4,35,5,507,14.9,11,0.1,-2.8,-0.1
2019,Garrison Mathews,SG, United States,Lipscomb ,Sr.,36,1082,222,501,106,213,116,288,190,221,25,172,197,70,30,9,82,68,750,30.1,6.2,13.9,2.9,5.9,3.2,8,5.3,6.1,0.7,4.8,5.5,1.9,0.8,0.3,2.3,1.9,20.8,8.2,18.5,3.9,7.9,4.3,10.6,7,8.2,0.9,6.4,7.3,2.6,1.1,0.3,3,2.5,27.7,25,0.6,0.6,2.7,17.4,10.3,12.5,1.5,0.9,11.9,30.4,657,117.7,96.2,3.9,2.1,6,5.6,-0.8,4.8,0.6,18,0,227,13.1,15,0.1,-1.1,0.1
2016,Fred VanVleet,PG, United States,Wichita State ,Sr.,31,900,119,305,76,192,43,113,98,120,11,89,100,172,55,3,54,54,379,29,3.8,9.8,2.5,6.2,1.4,3.6,3.2,3.9,0.4,2.9,3.2,5.5,1.8,0.1,1.7,1.7,12.2,5.3,13.6,3.4,8.5,1.9,5,4.4,5.3,0.5,4,4.4,7.6,2.4,0.1,2.4,2.4,16.8,22,0.5,0.5,1.3,11.8,6.4,39.6,3.7,0.4,13,23.9,416,115.1,88.6,2.5,2.4,4.9,5.7,4,9.7,14.1,225,76,5293,14.9,4,0.1,1.5,4.7
2016,Matt Costello,PF/C, United States,Michigan State ,Sr.,35,802,148,264,146,256,2,8,76,101,102,186,288,46,23,42,38,75,374,22.9,4.2,7.5,4.2,7.3,0.1,0.2,2.2,2.9,2.9,5.3,8.2,1.3,0.7,1.2,1.1,2.1,10.7,7.4,13.2,7.3,12.8,0.1,0.4,3.8,5,5.1,9.3,14.4,2.3,1.1,2.1,1.9,3.7,18.7,28,0.6,0.6,15.6,24.1,20.2,10.8,1.7,5.4,10.9,22.1,367,127.6,89.9,3,2.1,5.1,5.5,6,11.5,0.1,4,0,32,9.7,5,0.1,-0.7,0
2016,Derrick Jones Jr.,SF, United States,UNLV ,Fr.,30,646,129,219,121,180,8,39,79,133,52,82,134,24,27,40,36,93,345,21.5,4.3,7.3,4,6,0.3,1.3,2.6,4.4,1.7,2.7,4.5,0.8,0.9,1.3,1.2,3.1,11.5,8,13.6,7.5,11.1,0.5,2.4,4.9,8.2,3.2,5.1,8.3,1.5,1.7,2.5,2.2,5.8,21.4,24,0.6,0.6,8.6,13.4,11,8.1,2.3,6.2,11.3,23.2,309,118.6,96.3,1.8,1.3,3.1,2.7,3.7,6.3,8.3,163,45,3192,13.7,10,0.1,-0.5,1.2
2018,Drew Eubanks,PF/C, United States,Oregon State ,Jr.,32,1003,164,263,164,263,0,0,94,134,59,159,218,35,15,55,56,87,422,31.3,5.1,8.2,5.1,8.2,0,0,2.9,4.2,1.8,5,6.8,1.1,0.5,1.7,1.8,2.7,13.2,6.5,10.5,6.5,10.5,0,0,3.7,5.3,2.4,6.3,8.7,1.4,0.6,2.2,2.2,3.5,16.8,22,0.6,0.6,7.3,18.7,13.1,7.3,0.9,6.4,14.6,19.6,381,120.7,102.6,2.6,1.4,4,1.5,3.6,5.1,0.6,37,3,243,15.2,8,0.1,-2.5,0
2017,Derrick Walton,PG, United States,Michigan ,Sr.,38,1323,171,392,73,160,98,232,149,170,17,165,182,189,43,1,66,65,589,34.8,4.5,10.3,1.9,4.2,2.6,6.1,3.9,4.5,0.4,4.3,4.8,5,1.1,0,1.7,1.7,15.5,5.2,11.9,2.2,4.8,3,7,4.5,5.1,0.5,5,5.5,5.7,1.3,0,2,2,17.8,24,0.6,0.6,1.7,16.2,9.1,27.3,2,0.1,12.3,23,629,128.8,104.2,5.5,1.7,7.1,9.1,2,11,1,42,1,395,9.6,18,0.1,-0.2,0.2
2011,Brad Wanamaker,SG, United States,Pittsburgh ,Sr.,34,1033,133,297,117,248,16,49,117,154,46,131,177,174,49,12,77,72,399,30.4,3.9,8.7,3.4,7.3,0.5,1.4,3.4,4.5,1.4,3.9,5.2,5.1,1.4,0.4,2.3,2.1,11.7,5.2,11.5,4.5,9.6,0.6,1.9,4.5,6,1.8,5.1,6.9,6.7,1.9,0.5,3,2.8,15.5,23,0.5,0.5,5.4,14.1,9.9,32.4,3,1.3,17.2,22.3,446,117.5,93.7,3.3,2.1,5.4,6.1,5.2,11.3,3.7,99,1,1558,12.3,4,0.1,-1.2,0.3
2015,Javonte Green,SF/SG, United States,Radford ,Sr.,34,891,185,340,184,331,1,9,154,221,97,210,307,43,65,29,69,85,525,26.2,5.4,10,5.4,9.7,0,0.3,4.5,6.5,2.9,6.2,9,1.3,1.9,0.9,2,2.5,15.4,8.3,15.3,8.3,14.9,0,0.4,6.9,9.9,4.4,9.4,13.8,1.9,2.9,1.3,3.1,3.8,23.6,33,0.6,0.5,12.9,26.8,20,11,4.4,3.3,13.4,29.7,502,118.4,90.3,3.5,2.2,5.7,2.8,1.9,4.7,1,44,1,414,12.3,5,0.1,-0.6,0.1
2017,Johnathan Motley,PF, United States,Baylor ,Jr.,34,1036,226,434,217,401,9,33,128,183,126,209,335,79,12,37,100,104,589,30.5,6.6,12.8,6.4,11.8,0.3,1,3.8,5.4,3.7,6.1,9.9,2.3,0.4,1.1,2.9,3.1,17.3,8.7,16.8,8.4,15.5,0.3,1.3,4.9,7.1,4.9,8.1,12.9,3.1,0.5,1.4,3.9,4,22.7,27,0.6,0.5,15.2,23,19.2,17.3,0.7,3.9,16.1,30.6,576,113.8,96.3,3.3,2.1,5.4,5.1,4.8,9.9,0.9,46,4,373,19.1,0,0.1,-1.4,0
2018,Duncan Robinson,SG/SF, United States,Michigan ,Sr.,41,1059,122,277,44,74,78,203,57,64,19,81,100,44,27,16,25,99,379,25.8,3,6.8,1.1,1.8,1.9,5,1.4,1.6,0.5,2,2.4,1.1,0.7,0.4,0.6,2.4,9.2,4.6,10.5,1.7,2.8,2.9,7.7,2.2,2.4,0.7,3.1,3.8,1.7,1,0.6,0.9,3.7,14.3,16,0.6,0.6,2.2,9.2,5.7,7.6,1.5,1.6,7.5,17,339,124,99.3,2.5,1.9,4.4,5.1,3.1,8.2,4.9,80,61,2110,12.4,7,0.1,0,1.1
2014,Tyler Johnson,SG, United States,Fresno State ,Sr.,35,1177,196,409,139,277,57,132,107,133,56,200,256,103,36,13,47,98,556,33.6,5.6,11.7,4,7.9,1.6,3.8,3.1,3.8,1.6,5.7,7.3,2.9,1,0.4,1.3,2.8,15.9,6.7,13.9,4.7,9.4,1.9,4.5,3.6,4.5,1.9,6.8,8.7,3.5,1.2,0.4,1.6,3.3,18.9,24,0.6,0.5,5.6,19.2,12.6,20.3,1.8,1.2,9.1,23.5,549,123.3,103.9,4,1.6,5.6,5.9,0.4,6.3,12.7,213,46,5696,14.1,2,0.1,0.4,3.4
2013,Seth Curry,PG, United States,Duke ,Sr.,35,1130,197,424,102,207,95,217,123,152,20,69,89,54,30,6,42,60,612,32.3,5.6,12.1,2.9,5.9,2.7,6.2,3.5,4.3,0.6,2,2.5,1.5,0.9,0.2,1.2,1.7,17.5,7,15,3.6,7.3,3.4,7.7,4.4,5.4,0.7,2.4,3.2,1.9,1.1,0.2,1.5,2.1,21.7,23,0.6,0.6,2.2,7.3,4.8,9.7,1.6,0.5,7.8,24.5,531,124.8,102.4,4.5,1.2,5.7,8.4,0.4,8.8,6,118,51,2742,15,2,0.1,0.8,2
2017,Tyler Cavanaugh,PF, United States,George Washington ,Sr.,35,1126,200,446,133,282,67,164,173,204,87,207,294,71,19,14,93,98,640,32.2,5.7,12.7,3.8,8.1,1.9,4.7,4.9,5.8,2.5,5.9,8.4,2,0.5,0.4,2.7,2.8,18.3,7.1,15.8,4.7,10,2.4,5.8,6.1,7.2,3.1,7.4,10.4,2.5,0.7,0.5,3.3,3.5,22.7,24,0.6,0.5,8.9,21.5,15.2,15.4,1,1.3,14.6,29,605,116.2,104.9,3.7,1.3,5,5.4,-0.5,4.9,1.2,50,1,557,12.4,5,0.1,-2.4,-0.1
2019,Dean Wade,PF, United States,Kansas State ,Sr.,25,761,122,248,99,193,23,55,56,71,53,102,155,70,21,12,36,52,323,30.4,4.9,9.9,4,7.7,0.9,2.2,2.2,2.8,2.1,4.1,6.2,2.8,0.8,0.5,1.4,2.1,12.9,6.4,13,5.2,10.1,1.2,2.9,2.9,3.7,2.8,5.4,8.1,3.7,1.1,0.6,1.9,2.7,17,23,0.6,0.5,8.3,16.6,12.4,21.3,1.7,2.2,11.3,22.4,326,118.6,93.3,2.3,1.7,4,5.5,5,10.5,0.2,12,0,71,13.9,11,0.1,-1.2,0
2012,JaMychal Green,PF/C, United States,Alabama ,Sr.,26,760,136,249,134,239,2,10,89,129,63,129,192,46,19,39,70,82,363,29.2,5.2,9.6,5.2,9.2,0.1,0.4,3.4,5,2.4,5,7.4,1.8,0.7,1.5,2.7,3.2,14,7.2,13.1,7.1,12.6,0.1,0.5,4.7,6.8,3.3,6.8,10.1,2.4,1,2.1,3.7,4.3,19.1,25,0.6,0.6,10.5,20.8,15.7,14.9,1.6,6,18.4,27.3,349,108.7,89.4,2,1.8,3.8,3.3,5.7,8.9,11.3,234,145,5253,14,2,0.1,-1.7,0.4
2019,Tacko Fall,C, Senegal,UCF ,Sr.,33,822,154,206,154,206,0,0,59,163,84,167,251,15,8,85,59,93,367,24.9,4.7,6.2,4.7,6.2,0,0,1.8,4.9,2.5,5.1,7.6,0.5,0.2,2.6,1.8,2.8,11.1,7.5,10,7.5,10,0,0,2.9,7.9,4.1,8.1,12.2,0.7,0.4,4.1,2.9,4.5,17.9,26,0.6,0.7,12.5,21.2,17.2,4.2,0.6,11.5,17.2,21.8,330,113,90.7,1.9,2,3.9,1.9,6.8,8.6,0.1,6,0,24,23.9,0,0.1,1,0
2015,Royce O'Neale,SF, United States,Baylor ,Sr.,33,1060,108,237,59,125,49,112,68,88,66,127,193,113,38,11,55,75,333,32.1,3.3,7.2,1.8,3.8,1.5,3.4,2.1,2.7,2,3.8,5.8,3.4,1.2,0.3,1.7,2.3,10.1,4.1,8.9,2.2,4.7,1.8,4.2,2.6,3.3,2.5,4.8,7.3,4.3,1.4,0.4,2.1,2.8,12.6,20,0.6,0.6,7.3,13.5,10.5,21.7,2.3,1.2,16.5,16.3,352,126,97,3.1,1.9,5,7.2,4.2,11.4,9.7,215,75,4683,9.6,4,0.1,0.1,2.5
2015,Vince Hunter,SF, United States,UTEP ,So.,33,940,182,346,178,336,4,10,124,207,88,217,305,55,41,34,92,98,492,28.5,5.5,10.5,5.4,10.2,0.1,0.3,3.8,6.3,2.7,6.6,9.2,1.7,1.2,1,2.8,3,14.9,7.7,14.7,7.6,14.3,0.2,0.4,5.3,8.8,3.7,9.2,13,2.3,1.7,1.4,3.9,4.2,20.9,26,0.6,0.5,11.6,25.9,19.1,14.3,2.7,3.8,17.2,30.5,481,104.6,89.2,2,2.4,4.4,0.9,3.8,4.7,0,4,0,7,35.8,-3,0.1,9.7,0
2016,Danuel House,SG, United States,Texas A&M ,Sr.,36,1114,185,467,110,224,75,243,118,165,39,132,171,77,19,11,64,51,563,30.9,5.1,13,3.1,6.2,2.1,6.8,3.3,4.6,1.1,3.7,4.8,2.1,0.5,0.3,1.8,1.4,15.6,6.6,16.8,3.9,8,2.7,8.7,4.2,5.9,1.4,4.7,6.1,2.8,0.7,0.4,2.3,1.8,20.2,17,0.5,0.5,3.8,12.8,8.4,13.9,1,1.2,10.5,26.8,511,108.2,99.6,2.2,1.9,4.1,4,2,6,6.3,121,63,3122,11.8,5,0.1,-0.7,1.1
2014,Jamil Wilson,SF, United States,Marquette ,Sr.,32,926,136,318,104,220,32,98,71,106,45,144,189,82,19,16,60,94,375,28.9,4.3,9.9,3.3,6.9,1,3.1,2.2,3.3,1.4,4.5,5.9,2.6,0.6,0.5,1.9,2.9,11.7,5.9,13.7,4.5,9.5,1.4,4.2,3.1,4.6,1.9,6.2,8.2,3.5,0.8,0.7,2.6,4.1,16.2,16,0.5,0.5,5.8,18.3,12.1,19.3,1.2,2.1,14,23.8,368,104.8,101.4,1.3,1.5,2.7,2.2,2.4,4.6,0.5,15,10,274,11.4,6,0.1,0.2,0.2
2019,Jaylen Hoard,SF, France,Wake Forest ,Fr.,31,936,152,332,140,279,12,53,91,127,80,156,236,47,19,20,78,68,407,30.2,4.9,10.7,4.5,9,0.4,1.7,2.9,4.1,2.6,5,7.6,1.5,0.6,0.6,2.5,2.2,13.1,6.5,14.2,6,11.9,0.5,2.3,3.9,5.4,3.4,6.7,10.1,2,0.8,0.9,3.3,2.9,17.4,18,0.5,0.5,9,19.6,14,12.3,1.2,2.5,16.6,24.6,399,102.3,109,1.3,0.7,1.9,1,1.4,2.4,0.2,13,0,103,14.9,1,0.1,-1.9,0
2013,Ryan Broekhoff,SF/SG, Australia,Valparaiso ,Sr.,33,1062,158,353,75,154,83,199,118,134,40,200,240,75,34,27,64,46,517,32.2,4.8,10.7,2.3,4.7,2.5,6,3.6,4.1,1.2,6.1,7.3,2.3,1,0.8,1.9,1.4,15.7,6,13.3,2.8,5.8,3.1,7.5,4.4,5,1.5,7.5,9,2.8,1.3,1,2.4,1.7,19.5,26,0.6,0.6,5.3,25,15.4,15.5,2,2.6,13.3,24.5,487,122.9,93.6,4.1,2,6.2,6.1,2.3,8.4,1.2,59,1,633,11.4,4,0.1,-0.5,0.2
2017,Jacob Wiley,SF, United States,Eastern Washington ,Sr.,34,1165,265,412,260,405,5,7,159,192,95,214,309,80,26,94,128,102,694,34.3,7.8,12.1,7.6,11.9,0.1,0.2,4.7,5.6,2.8,6.3,9.1,2.4,0.8,2.8,3.8,3,20.4,9.1,14.1,8.9,13.9,0.2,0.2,5.5,6.6,3.3,7.3,10.6,2.7,0.9,3.2,4.4,3.5,23.8,32,0.7,0.6,10.3,21.1,15.9,15.5,1.3,8.8,20.3,28.2,683,121.6,103.6,4.8,1.5,6.3,3.6,3.1,6.7,0.1,5,0,33,8.2,11,0.1,-2.3,0
2011,Kalin Lucas,PG, United States,Michigan State ,Sr.,34,1136,194,453,141,317,53,136,137,167,16,57,73,114,35,2,87,72,578,33.4,5.7,13.3,4.1,9.3,1.6,4,4,4.9,0.5,1.7,2.1,3.4,1,0.1,2.6,2.1,17,6.8,16,5,11.2,1.9,4.8,4.8,5.9,0.6,2,2.6,4,1.2,0.1,3.1,2.5,20.4,19,0.5,0.5,1.6,5.8,3.7,23.7,1.9,0.2,14,28,538,109,106.1,2.9,1,3.8,4.6,-0.7,3.9,0,2,0,12,8,-1,0.1,-1.9,0
2014,Torrey Craig,SG/SF, United States,USC Upstate ,Sr.,34,1113,204,500,136,267,68,233,93,151,67,170,237,77,31,28,84,84,569,32.7,6,14.7,4,7.9,2,6.9,2.7,4.4,2,5,7,2.3,0.9,0.8,2.5,2.5,16.7,7.3,18,4.9,9.6,2.4,8.4,3.3,5.4,2.4,6.1,8.5,2.8,1.1,1,3,3,20.4,19,0.5,0.5,7,16.8,12,15.2,1.7,3,12.8,29.9,533,102.4,102.1,1.5,1.7,3.2,0.4,-0.4,0,5.6,164,61,3001,10.3,4,0.1,-2.2,-0.1
2011,Julyan Stone,SG, United States,UTEP ,Sr.,35,1279,103,202,90,151,13,51,78,139,41,220,261,184,52,21,65,83,297,36.5,2.9,5.8,2.6,4.3,0.4,1.5,2.2,4,1.2,6.3,7.5,5.3,1.5,0.6,1.9,2.4,8.5,3.2,6.3,2.8,4.7,0.4,1.6,2.4,4.3,1.3,6.9,8.2,5.8,1.6,0.7,2,2.6,9.3,17,0.6,0.5,3.9,18.9,11.8,26.6,2.4,1.9,19.5,13.7,374,113.6,90.8,2.3,3,5.3,2.5,5.1,7.6,0.9,70,2,502,9.5,5,0.1,-0.2,0.2
2012,Henry Sims,PF/C, United States,Georgetown ,Sr.,33,908,132,286,132,285,0,1,119,168,60,138,198,114,21,45,93,90,383,27.5,4,8.7,4,8.6,0,0,3.6,5.1,1.8,4.2,6,3.5,0.6,1.4,2.8,2.7,11.6,5.8,12.6,5.8,12.6,0,0,5.2,7.4,2.6,6.1,8.7,5,0.9,2,4.1,4,16.9,22,0.5,0.5,8.6,18.5,13.7,27.3,1.5,5.6,20.3,27.3,419,104.7,91.4,1.9,2,3.9,1.5,5.9,7.5,4.6,135,61,2542,15,-2,0.1,-2.8,-0.5
2015,T.J. McConnell,PG, United States,Arizona ,Sr.,38,1158,156,313,131,235,25,78,58,70,25,121,146,238,83,3,78,68,395,30.5,4.1,8.2,3.4,6.2,0.7,2.1,1.5,1.8,0.7,3.2,3.8,6.3,2.2,0.1,2.1,1.8,10.4,5.4,10.8,4.5,8.1,0.9,2.7,2,2.4,0.9,4.2,5,8.2,2.9,0.1,2.7,2.3,13.6,23,0.6,0.5,2.8,12.5,7.8,39,4.3,0.3,18.4,18.9,476,119.8,88.2,3.5,3,6.5,7,5.7,12.7,12.4,314,72,6915,13.5,-2,0.1,-0.8,2.1
2016,Alex Poythress,SF/PF, United States,Kentucky ,Sr.,31,732,119,198,112,175,7,23,72,102,55,132,187,10,19,21,37,112,317,23.6,3.8,6.4,3.6,5.6,0.2,0.7,2.3,3.3,1.8,4.3,6,0.3,0.6,0.7,1.2,3.6,10.2,6.5,10.8,6.1,9.6,0.4,1.3,3.9,5.6,3,7.2,10.2,0.5,1,1.1,2,6.1,17.3,21,0.6,0.6,8.8,19.2,14.3,2.5,1.5,2.8,13.1,19.2,284,125.1,97.3,2.1,1.4,3.5,4,2.2,6.2,1,52,2,566,11.7,2,0.1,-3.6,-0.2
2017,Luke Kornet,PF/C, United States,Vanderbilt ,Sr.,35,1101,145,357,92,195,53,162,120,140,53,164,217,42,19,71,45,81,463,31.5,4.1,10.2,2.6,5.6,1.5,4.6,3.4,4,1.5,4.7,6.2,1.2,0.5,2,1.3,2.3,13.2,5.3,13,3.3,7.1,1.9,5.9,4.4,5.1,1.9,6,7.9,1.5,0.7,2.6,1.6,2.9,16.8,20,0.5,0.5,5.9,16.6,11.5,8.5,1,6.7,9.6,22.7,444,112.8,99.4,2.4,1.9,4.3,3.2,5,8.2,2.9,102,33,1669,13.8,-1,0.1,0.6,1.1
2018,Bonzie Colson,PF, United States,Notre Dame ,Sr.,21,680,157,312,140,254,17,58,83,109,48,164,212,19,35,47,32,36,414,32.4,7.5,14.9,6.7,12.1,0.8,2.8,4,5.2,2.3,7.8,10.1,0.9,1.7,2.2,1.5,1.7,19.7,9.2,18.4,8.2,14.9,1,3.4,4.9,6.4,2.8,9.6,12.5,1.1,2.1,2.8,1.9,2.1,24.4,32,0.6,0.5,8.2,26.6,17.7,6.7,3.1,7.4,8.1,30.2,362,116.6,92,2.2,1.7,3.9,3.3,5.1,8.4,0.2,8,2,98,12.9,-3,0.1,-3.5,0
2016,Alex Caruso,G, United States,Texas A&M ,Sr.,37,1067,111,221,83,145,28,76,51,65,40,94,134,185,77,14,87,92,301,28.8,3,6,2.2,3.9,0.8,2.1,1.4,1.8,1.1,2.5,3.6,5,2.1,0.4,2.4,2.5,8.1,4.2,8.3,3.1,5.4,1,2.8,1.9,2.4,1.5,3.5,5,6.9,2.9,0.5,3.3,3.4,11.3,18,0.6,0.6,4.1,9.5,6.8,31.1,4.2,1.6,25.7,15.6,362,113.2,93.4,1.9,2.4,4.4,4.4,6,10.4,3.7,120,12,2125,11.1,-2,0.1,-0.8,0.6
2018,Jemerrio Jones,SF, United States,New Mexico State ,Sr.,34,964,167,332,163,289,4,43,37,71,127,323,450,106,36,19,81,76,375,28.4,4.9,9.8,4.8,8.5,0.1,1.3,1.1,2.1,3.7,9.5,13.2,3.1,1.1,0.6,2.4,2.2,11,6.9,13.8,6.8,12,0.2,1.8,1.5,2.9,5.3,13.4,18.7,4.4,1.5,0.8,3.4,3.2,15.6,24,0.5,0.5,14.4,36.4,25.4,20.7,2.1,2.2,18.1,22.4,433,107.5,83.2,1.7,3.1,4.9,1.5,6.3,7.8,0.2,6,2,143,12.1,-3,0.1,0.2,0.1
2012,Jorge Gutiérrez,PG/SG, Mexico,California ,Sr.,33,1062,157,354,132,278,25,76,90,121,33,141,174,136,39,4,78,79,429,32.2,4.8,10.7,4,8.4,0.8,2.3,2.7,3.7,1,4.3,5.3,4.1,1.2,0.1,2.4,2.4,13,5.9,13.3,5,10.5,0.9,2.9,3.4,4.6,1.2,5.3,6.6,5.1,1.5,0.2,2.9,3,16.2,19,0.5,0.5,4,16.9,10.5,25.2,2.2,0.4,15.9,24.2,445,106.1,93.7,2.1,2.1,4.2,3.2,3.4,6.6,0.8,47,3,482,10.9,-1,0.1,-3.7,-0.2
2018,Gary Clark,PF, United States,Cincinnati ,Sr.,36,1025,160,304,133,242,27,62,117,158,107,206,313,76,51,44,36,75,464,28.5,4.4,8.4,3.7,6.7,0.8,1.7,3.3,4.4,3,5.7,8.7,2.1,1.4,1.2,1,2.1,12.9,6.2,11.9,5.2,9.4,1.1,2.4,4.6,6.2,4.2,8,12.2,3,2,1.7,1.4,2.9,18.1,30,0.6,0.6,12.1,22.3,17.3,14.8,3,5,8.7,20.4,462,135.3,81.6,4.3,3.5,7.8,7.1,8.4,15.5,1.8,86,3,1066,9.6,2,0.1,-1.3,0.2
2019,DaQuan Jeffries,SG/SF, United States,Tulsa ,Sr.,31,871,138,275,93,152,45,123,83,110,40,133,173,56,31,38,51,93,404,28.1,4.5,8.9,3,4.9,1.5,4,2.7,3.5,1.3,4.3,5.6,1.8,1,1.2,1.6,3,13,6.3,12.6,4.3,7,2.1,5.6,3.8,5.1,1.8,6.1,7.9,2.6,1.4,1.7,2.3,4.3,18.6,22,0.6,0.6,5.6,15.9,11.1,14.5,2,5.2,13.5,22.5,383,116.5,98.2,2.3,1.5,3.9,5,4.1,9.1,0,6,0,19,10.7,0,0.1,-2.6,0
2019,Caleb Martin,SG/SF, United States,Nevada ,Sr.,34,1161,201,492,94,175,107,317,145,198,30,145,175,96,49,26,63,83,654,34.1,5.9,14.5,2.8,5.1,3.1,9.3,4.3,5.8,0.9,4.3,5.1,2.8,1.4,0.8,1.9,2.4,19.2,6.9,17,3.2,6,3.7,10.9,5,6.8,1,5,6,3.3,1.7,0.9,2.2,2.9,22.5,23,0.6,0.5,2.9,13.5,8.3,16.3,2.4,2.6,9.7,27.8,613,114.4,94.7,3.4,2.4,5.9,5.9,2.4,8.3,0.5,18,1,317,12,0,0.1,-1,0.1
2016,Ryan Arcidiacono,PG, United States,Villanova ,Sr.,40,1282,165,371,89,178,76,193,92,110,15,102,117,169,54,1,61,60,498,32.1,4.1,9.3,2.2,4.5,1.9,4.8,2.3,2.8,0.4,2.6,2.9,4.2,1.4,0,1.5,1.5,12.5,5.1,11.6,2.8,5.6,2.4,6,2.9,3.4,0.5,3.2,3.7,5.3,1.7,0,1.9,1.9,15.5,19,0.6,0.5,1.5,8.8,5.4,24.1,2.5,0.1,12.6,19.9,519,121.8,97.9,3.7,2.4,6,6.2,2.8,9,5.3,163,36,3195,10.4,3,0.1,-2.4,-0.3
2016,David Nwaba,SG, United States,Cal Poly ,Sr.,30,840,132,286,130,272,2,14,109,175,65,125,190,105,37,14,62,61,375,28,4.4,9.5,4.3,9.1,0.1,0.5,3.6,5.8,2.2,4.2,6.3,3.5,1.2,0.5,2.1,2,12.5,6.3,13.6,6.2,13,0.1,0.7,5.2,8.3,3.1,6,9,5,1.8,0.7,3,2.9,17.9,22,0.5,0.5,8.1,17.6,12.6,27.1,2.6,1.7,14.4,25.9,405,107.5,107.1,1.7,0.8,2.5,2.3,1.3,3.6,5.4,161,37,3295,12.4,-1,0.1,-2,-0.1
2015,Quinn Cook,PG, United States,Duke ,Sr.,39,1396,199,439,97,181,102,258,98,110,15,116,131,103,39,1,47,76,598,35.8,5.1,11.3,2.5,4.6,2.6,6.6,2.5,2.8,0.4,3,3.4,2.6,1,0,1.2,1.9,15.3,5.7,12.6,2.8,5.2,2.9,7.4,2.8,3.2,0.4,3.3,3.8,3,1.1,0,1.3,2.2,17.1,20,0.6,0.6,1.4,9.2,5.5,13.2,1.7,0.1,8.7,20,544,129.6,101.7,4.9,1.9,6.8,8.2,1.5,9.6,3.9,159,28,2396,12.5,-4,0.1,-2.2,-0.1
2016,Shaquille Harrison,SG, United States,Tulsa ,Sr.,32,1033,174,367,166,326,8,41,127,201,33,144,177,132,60,7,67,69,483,32.3,5.4,11.5,5.2,10.2,0.3,1.3,4,6.3,1,4.5,5.5,4.1,1.9,0.2,2.1,2.2,15.1,6.7,14.2,6.4,12.6,0.3,1.6,4.9,7.8,1.3,5.6,6.9,5.1,2.3,0.3,2.6,2.7,18.7,22,0.5,0.5,3.6,15.6,9.6,27.3,3.4,0.8,12.7,26,500,108.7,98,2.2,1.9,4.1,3.4,3.7,7.1,3.7,139,23,2298,14,-3,0.1,-0.3,1
2018,Cameron Reynolds,SG, United States,Tulane ,Sr.,31,1117,171,419,110,246,61,173,64,91,36,160,196,68,24,18,47,77,467,36,5.5,13.5,3.5,7.9,2,5.6,2.1,2.9,1.2,5.2,6.3,2.2,0.8,0.6,1.5,2.5,15.1,6.1,15,3.9,8.8,2.2,6.2,2.3,3.3,1.3,5.7,7,2.4,0.9,0.6,1.7,2.8,16.7,15,0.5,0.5,3.7,16.2,10.1,12.5,1.2,1.7,9.2,23,436,104.4,106.7,1.4,1.2,2.6,0.6,-0.2,0.4,0.4,19,0,259,10.4,2,0.1,-2.5,0
2013,Ian Clark,SG, United States,Belmont ,Sr.,33,1102,217,400,115,178,102,222,65,78,12,96,108,79,53,8,88,64,601,33.4,6.6,12.1,3.5,5.4,3.1,6.7,2,2.4,0.4,2.9,3.3,2.4,1.6,0.2,2.7,1.9,18.2,7.9,14.5,4.2,6.5,3.7,8.1,2.4,2.8,0.4,3.5,3.9,2.9,1.9,0.3,3.2,2.3,21.8,24,0.7,0.7,1.4,11.1,6.3,14.7,2.8,0.9,16.8,24.6,512,120.1,97.8,3.9,1.7,5.6,6.7,0.3,7,3.4,196,1,2079,12,-3,0.1,-1.9,0.1
2015,Malcolm Miller,SF, United States,Holy Cross ,Sr.,30,951,136,306,91,185,45,121,117,141,33,113,146,36,40,48,55,80,434,31.7,4.5,10.2,3,6.2,1.5,4,3.9,4.7,1.1,3.8,4.9,1.2,1.3,1.6,1.8,2.7,14.5,5.7,12.9,3.8,7.8,1.9,5.1,4.9,5.9,1.4,4.8,6.1,1.5,1.7,2,2.3,3.4,18.3,23,0.6,0.5,4.1,16.4,9.8,8.9,2.6,6.1,12.9,24.5,395,113.8,102.4,2.5,1.2,3.7,2.1,1,3.2,0.5,50,5,318,8.3,-1,0.1,-1.6,0
2016,Sheldon Mac,SG, United States,Miami (Florida),Sr.,35,1151,177,351,121,213,56,138,160,191,19,93,112,56,36,9,44,62,570,32.9,5.1,10,3.5,6.1,1.6,3.9,4.6,5.5,0.5,2.7,3.2,1.6,1,0.3,1.3,1.8,16.3,6.2,12.2,4.2,7.4,1.9,4.8,5.6,6.6,0.7,3.2,3.9,1.9,1.3,0.3,1.5,2.2,19.8,23,0.6,0.6,2.1,9.2,5.9,9.9,1.9,0.8,9.1,22.4,512,130.8,105.3,4.5,1.3,5.8,7.8,1.5,9.3,0.5,30,3,287,10.1,0,0.1,-2.3,0
2016,Dorian Finney-Smith,SF, United States,Florida ,Sr.,36,1145,169,387,98,194,71,193,121,165,89,211,300,74,33,29,68,78,530,31.8,4.7,10.8,2.7,5.4,2,5.4,3.4,4.6,2.5,5.9,8.3,2.1,0.9,0.8,1.9,2.2,14.7,5.9,13.5,3.4,6.8,2.5,6.7,4.2,5.8,3.1,7.4,10.5,2.6,1.2,1,2.4,2.7,18.5,22,0.6,0.5,7.9,19.4,13.5,13,1.6,2.6,12.7,22.5,514,116.7,96.8,3,2.2,5.3,5.8,4.6,10.4,9.3,247,135,5973,10.2,-1,0.1,-1.6,0.6
2012,Chris Johnson,SF/SG, United States,Dayton ,Sr.,32,950,131,282,62,108,69,174,67,79,80,124,204,42,23,19,51,73,398,29.7,4.1,8.8,1.9,3.4,2.2,5.4,2.1,2.5,2.5,3.9,6.4,1.3,0.7,0.6,1.6,2.3,12.4,5.5,11.9,2.6,4.5,2.9,7.3,2.8,3.3,3.4,5.2,8.6,1.8,1,0.8,2.1,3.1,16.8,22,0.6,0.6,10.1,17.1,13.4,9.4,1.5,2.2,13.8,20.2,371,124.6,103.1,3.2,1,4.2,7.1,1.1,8.2,3.5,147,4,2274,9.7,-3,0.1,-1.5,0.3
2019,Naz Reid,PF/C, United States,LSU ,Fr.,34,926,171,365,143,281,28,84,93,128,86,159,245,29,25,23,85,108,463,27.2,5,10.7,4.2,8.3,0.8,2.5,2.7,3.8,2.5,4.7,7.2,0.9,0.7,0.7,2.5,3.2,13.6,7.4,15.8,6.2,12.1,1.2,3.6,4,5.5,3.7,6.9,10.6,1.3,1.1,1,3.7,4.7,20,19,0.5,0.5,10.5,19.2,14.9,6.2,1.5,2.8,16.6,26.4,440,106.1,101.8,1.7,1.3,3,1.6,1.1,2.7,0.8,30,11,495,15.3,-5,0.1,-1.9,0
2013,Robert Covington,F, United States,Tennessee State ,Sr.,23,712,128,294,88,191,40,103,96,113,65,118,183,30,50,39,56,64,392,31,5.6,12.8,3.8,8.3,1.7,4.5,4.2,4.9,2.8,5.1,8,1.3,2.2,1.7,2.4,2.8,17,7.2,16.5,4.9,10.7,2.2,5.8,5.4,6.3,3.7,6.6,10.3,1.7,2.8,2.2,3.1,3.6,22,28,0.6,0.5,10.9,20.4,15.6,10,4.1,5.9,13.9,28.1,364,113.7,94.1,2.3,1.3,3.7,3.6,2.9,6.6,9.2,211,165,6012,13.7,-5,0.1,0,3
2017,Ben Moore,SF, United States,SMU ,Sr.,35,1131,159,284,158,279,1,5,80,128,91,181,272,84,31,38,56,93,399,32.3,4.5,8.1,4.5,8,0,0.1,2.3,3.7,2.6,5.2,7.8,2.4,0.9,1.1,1.6,2.7,11.4,5.6,10,5.6,9.9,0,0.2,2.8,4.5,3.2,6.4,9.6,3,1.1,1.3,2,3.3,14.1,22,0.6,0.6,10,18,14.2,14.5,1.7,4.5,14,18.8,415,121,92.8,3.1,2.6,5.7,3.5,5.5,9,0,2,0,9,-2.3,109,0.1,-9.3,0
2012,Casper Ware,PG, United States,Long Beach State ,Sr.,34,1146,189,471,95,207,94,264,119,150,13,69,82,114,46,3,81,64,591,33.7,5.6,13.9,2.8,6.1,2.8,7.8,3.5,4.4,0.4,2,2.4,3.4,1.4,0.1,2.4,1.9,17.4,6.6,16.4,3.3,7.2,3.3,9.2,4.2,5.2,0.5,2.4,2.9,4,1.6,0.1,2.8,2.2,20.6,20,0.5,0.5,1.4,7.4,4.4,20.8,2.4,0.3,13,27.7,555,112,99.2,3.3,1.7,5,4.8,-1,3.8,0.2,9,0,116,13,-4,0.1,-2.4,0
2016,Marshall Plumlee,C, United States,Duke ,Sr.,36,1099,106,154,106,154,0,0,88,153,119,189,308,38,27,58,39,100,300,30.5,2.9,4.3,2.9,4.3,0,0,2.4,4.3,3.3,5.3,8.6,1.1,0.8,1.6,1.1,2.8,8.3,3.9,5.6,3.9,5.6,0,0,3.2,5.6,4.3,6.9,11.2,1.4,1,2.1,1.4,3.6,10.9,21,0.7,0.7,12.2,18.8,15.5,5.9,1.4,4.8,14.7,12.1,337,135.2,103.2,3.1,1.5,4.5,4.6,5.2,9.8,0.3,29,1,222,10.9,-3,0.1,-4.6,-0.1
2018,Chris Chiozza,PG, United States,Florida ,Sr.,34,1088,131,314,93,205,38,109,76,94,18,129,147,208,65,4,61,73,376,32,3.9,9.2,2.7,6,1.1,3.2,2.2,2.8,0.5,3.8,4.3,6.1,1.9,0.1,1.8,2.1,11.1,4.8,11.5,3.4,7.5,1.4,4,2.8,3.5,0.7,4.7,5.4,7.6,2.4,0.1,2.2,2.7,13.8,20,0.5,0.5,1.8,13.7,7.5,36.1,3.5,0.4,14.5,19.5,449,116.1,99.5,2.6,1.9,4.5,5,3.4,8.4,0.4,28,0,282,12.2,-5,0.1,0.5,0.2
2011,Alex Stepheson,PF, United States,USC ,Sr.,34,1118,137,248,137,248,0,0,59,115,110,203,313,6,13,39,52,77,333,32.9,4,7.3,4,7.3,0,0,1.7,3.4,3.2,6,9.2,0.2,0.4,1.1,1.5,2.3,9.8,4.9,8.9,4.9,8.9,0,0,2.1,4.1,3.9,7.3,11.2,0.2,0.5,1.4,1.9,2.8,11.9,17,0.6,0.6,11.8,21.8,16.8,1.1,0.7,3.8,14.7,17.1,331,108,96.7,1.7,2,3.7,-0.5,2.6,2.1,0.1,8,0,73,14.8,-6,0.1,-2.4,0
2016,Yogi Ferrell,PG, United States,Indiana ,Sr.,35,1215,196,428,117,240,79,188,136,164,34,99,133,195,38,1,88,58,607,34.7,5.6,12.2,3.3,6.9,2.3,5.4,3.9,4.7,1,2.8,3.8,5.6,1.1,0,2.5,1.7,17.3,6.5,14.1,3.9,7.9,2.6,6.2,4.5,5.4,1.1,3.3,4.4,6.4,1.3,0,2.9,1.9,20,23,0.6,0.6,3.5,9.3,6.6,28.4,1.8,0.1,14.8,24.3,650,127.5,105.5,5.1,1.4,6.5,7.5,0.5,8,7.1,243,53,5030,12,-4,0.1,-1.4,0.7
2013,Rodney McGruder,SG, United States,Kansas State ,Sr.,35,1171,204,462,153,310,51,152,88,117,74,114,188,71,44,9,58,54,547,33.5,5.8,13.2,4.4,8.9,1.5,4.3,2.5,3.3,2.1,3.3,5.4,2,1.3,0.3,1.7,1.5,15.6,7,15.8,5.2,10.6,1.7,5.2,3,4,2.5,3.9,6.4,2.4,1.5,0.3,2,1.8,18.7,22,0.5,0.5,7.3,13,9.9,13.5,2.4,0.9,10.1,25.4,500,113.9,97.9,3.5,1.8,5.2,5.5,1.6,7.2,6.5,212,115,4564,8.9,-4,0.1,-2.2,-0.2
2014,Tim Frazier,PG/SG, United States,Penn State ,Sr.,34,1196,163,379,138,293,25,86,157,200,31,120,151,182,53,6,92,87,508,35.2,4.8,11.1,4.1,8.6,0.7,2.5,4.6,5.9,0.9,3.5,4.4,5.4,1.6,0.2,2.7,2.6,14.9,5.5,12.7,4.6,9.8,0.8,2.9,5.3,6.7,1,4,5.1,6.1,1.8,0.2,3.1,2.9,17,20,0.5,0.5,3,11.6,7.3,33.1,2.7,0.6,16.3,24.7,553,110.8,105.8,2.7,1.4,4.1,4.8,1.3,6.1,4.6,186,51,3343,12.1,-5,0.1,-2.3,-0.2
2014,Okaro White,SF/PF, United States,Florida State ,Sr.,36,1084,166,323,142,259,24,64,134,168,75,168,243,34,27,40,68,108,490,30.1,4.6,9,3.9,7.2,0.7,1.8,3.7,4.7,2.1,4.7,6.8,0.9,0.8,1.1,1.9,3,13.6,6.1,11.9,5.2,9.6,0.9,2.4,4.9,6.2,2.8,6.2,9,1.3,1,1.5,2.5,4,18.1,22,0.6,0.6,8.9,16.7,13.2,7,1.5,3.9,14.4,22.6,465,120,98.9,3.1,2,5.1,4.2,2.8,7,0.8,44,4,557,7.6,-4,0.1,-2.9,-0.1
2019,Donta Hall,PF/C, United States,Alabama ,Sr.,34,912,133,216,132,215,1,1,89,124,92,206,298,18,16,56,37,60,356,26.8,3.9,6.4,3.9,6.3,0,0,2.6,3.6,2.7,6.1,8.8,0.5,0.5,1.6,1.1,1.8,10.5,5.8,9.5,5.8,9.4,0,0,3.9,5.4,4,9,13.1,0.8,0.7,2.5,1.6,2.6,15.6,25,0.6,0.6,11.3,24.6,18.1,4.1,1,6.1,11.9,16.9,343,129.3,97.8,2.8,1.6,4.5,3.1,4.4,7.5,0.1,4,0,48,7.3,-1,0.1,-7.1,-0.1
2013,Matthew Dellavedova,PG, Australia,St. Mary's ,Sr.,35,1273,170,421,84,196,86,225,127,149,23,95,118,223,40,4,99,61,553,36.4,4.9,12,2.4,5.6,2.5,6.4,3.6,4.3,0.7,2.7,3.4,6.4,1.1,0.1,2.8,1.7,15.8,5.3,13.2,2.6,6.2,2.7,7.1,4,4.7,0.7,3,3.7,7,1.3,0.1,3.1,1.9,17.4,22,0.6,0.5,2.2,9.9,5.9,34.1,1.9,0.3,16.8,24.2,606,119.7,102.1,4.8,1.4,6.2,7,0.2,7.2,9,291,85,6504,10,-4,0.1,-2.6,-0.9
2019,Juwan Morgan,F, United States,Indiana ,Sr.,35,1045,215,385,189,297,26,88,88,136,88,199,287,65,41,54,68,100,544,29.9,6.1,11,5.4,8.5,0.7,2.5,2.5,3.9,2.5,5.7,8.2,1.9,1.2,1.5,1.9,2.9,15.5,8.2,14.7,7.2,11.4,1,3.4,3.4,5.2,3.4,7.6,11,2.5,1.6,2.1,2.6,3.8,20.8,28,0.6,0.6,9.9,20.9,15.6,14.1,2.3,5.8,13.1,25.4,520,117.4,93.4,3.3,2.3,5.6,6.3,5.8,12.2,0.1,16,0,74,8.8,-3,0.1,-3.3,0
2011,Justin Holiday,F, United States,Washington ,Sr.,35,989,138,297,91,166,47,131,44,57,64,118,182,75,41,28,52,71,367,28.3,3.9,8.5,2.6,4.7,1.3,3.7,1.3,1.6,1.8,3.4,5.2,2.1,1.2,0.8,1.5,2,10.5,5.6,12,3.7,6.7,1.9,5.3,1.8,2.3,2.6,4.8,7.4,3,1.7,1.1,2.1,2.9,14.8,19,0.6,0.5,7,13,10,12.4,2.3,2.7,13.8,17.7,365,118.6,98.1,2.4,1.6,4,5.4,4.4,9.8,4.3,203,13,3211,11.5,-6,0.1,-1.4,0.5
2018,Kendrick Nunn,PG/SG, United States,Oakland ,Sr.,30,1136,262,602,128,262,134,340,119,142,27,115,142,113,45,11,88,67,777,37.9,8.7,20.1,4.3,8.7,4.5,11.3,4,4.7,0.9,3.8,4.7,3.8,1.5,0.4,2.9,2.2,25.9,9.2,21.2,4.5,9.2,4.7,12,4.2,5,1,4,5,4,1.6,0.4,3.1,2.4,27.4,24,0.6,0.5,2.7,11,7,22.9,2.2,0.9,11.6,32.5,693,112.8,107.4,3.4,1.1,4.5,6.5,-2.1,4.5,2.4,62,62,1846,13.5,-7,0.1,-2,0
2016,Bryn Forbes,PG, United States,Michigan State ,Sr.,35,982,165,343,53,110,112,233,63,75,12,61,73,52,14,1,30,51,505,28.1,4.7,9.8,1.5,3.1,3.2,6.7,1.8,2.1,0.3,1.7,2.1,1.5,0.4,0,0.9,1.5,14.4,6.7,14,2.2,4.5,4.6,9.5,2.6,3.1,0.5,2.5,3,2.1,0.6,0,1.2,2.1,20.6,20,0.7,0.6,1.5,6.5,4.2,9.7,0.9,0.1,7.3,21,395,134.5,103,3.6,1.3,4.9,9.1,-0.3,8.9,7.4,261,155,5674,10.7,-5,0.1,-2.4,-0.5
2012,Kent Bazemore,SG/SF, United States,Old Dominion ,Sr.,35,1103,186,457,135,298,51,159,115,182,65,148,213,107,74,12,112,96,538,31.5,5.3,13.1,3.9,8.5,1.5,4.5,3.3,5.2,1.9,4.2,6.1,3.1,2.1,0.3,3.2,2.7,15.4,6.7,16.6,4.9,10.8,1.8,5.8,4.2,6.6,2.4,5.4,7.7,3.9,2.7,0.4,4.1,3.5,19.5,21,0.5,0.5,6.1,17.2,11.1,23.9,4.1,1.3,17.1,29.7,519,100.2,90.8,1.8,2.5,4.2,3.3,2.5,5.7,5.9,278,93,4585,11.7,-6,0.1,-1.2,0.9
2013,Troy Daniels,SG, United States,VCU ,Sr.,36,947,149,357,25,49,124,308,19,27,23,89,112,23,32,3,32,76,441,26.3,4.1,9.9,0.7,1.4,3.4,8.6,0.5,0.8,0.6,2.5,3.1,0.6,0.9,0.1,0.9,2.1,12.3,6.3,15.1,1.1,2.1,5.2,13,0.8,1.1,1,3.8,4.7,1,1.4,0.1,1.4,3.2,18.6,19,0.6,0.6,2.6,12.8,7.1,4.5,2,0.4,8,20.6,357,122.8,98.7,2.9,1.4,4.2,6.9,-0.4,6.5,2.8,162,4,2131,11.5,-6,0.1,-1.4,0.3
2016,Damion Lee,SG, United States,Louisville ,Sr.,30,1007,152,355,91,176,61,179,113,134,19,98,117,59,46,1,50,62,478,33.6,5.1,11.8,3,5.9,2,6,3.8,4.5,0.6,3.3,3.9,2,1.5,0,1.7,2.1,15.9,6,14.1,3.6,7,2.4,7.1,4.5,5.3,0.8,3.9,4.6,2.3,1.8,0,2,2.5,19,20,0.6,0.5,2.2,11.1,6.7,10.7,2.8,0.1,10.7,23.3,432,120.9,94.6,3,2.2,5.2,6.1,2.9,9,2.8,96,47,2202,12.4,-6,0.1,-2.2,-0.1
2014,Langston Galloway,PG, United States,Saint Joseph's ,Sr.,34,1231,190,428,82,184,108,244,114,138,28,117,145,53,36,17,28,81,602,36.2,5.6,12.6,2.4,5.4,3.2,7.2,3.4,4.1,0.8,3.4,4.3,1.6,1.1,0.5,0.8,2.4,17.7,6.2,13.9,2.7,6,3.5,7.9,3.7,4.5,0.9,3.8,4.7,1.7,1.2,0.6,0.9,2.6,19.6,22,0.6,0.6,2.8,10.5,6.9,9.3,1.8,1.5,5.4,22.4,523,128.3,104.4,4.2,1.6,5.8,7,-0.1,6.9,7.3,259,52,5848,11.6,-6,0.1,-1.5,0.7
2015,Maurice Ndour,PF, Senegal,Ohio ,Sr.,30,1047,164,339,137,277,27,62,124,158,68,182,250,50,33,68,89,83,479,34.9,5.5,11.3,4.6,9.2,0.9,2.1,4.1,5.3,2.3,6.1,8.3,1.7,1.1,2.3,3,2.8,16,6.3,13,5.2,10.6,1,2.4,4.7,6,2.6,7,9.6,1.9,1.3,2.6,3.4,3.2,18.3,23,0.6,0.5,7.6,19.3,13.6,10.7,1.9,6.7,17.7,25.3,468,107.4,102.7,2.2,1.3,3.5,1,2.8,3.8,0.4,32,4,331,11.3,-6,0.1,-2.8,-0.1
2015,Chasson Randle,PG, United States,Stanford ,Sr.,37,1347,217,539,127,291,90,248,200,228,11,112,123,112,50,5,75,82,724,36.4,5.9,14.6,3.4,7.9,2.4,6.7,5.4,6.2,0.3,3,3.3,3,1.4,0.1,2,2.2,19.6,6.4,16,3.8,8.6,2.7,7.4,5.9,6.8,0.3,3.3,3.7,3.3,1.5,0.1,2.2,2.4,21.5,23,0.6,0.5,1,9.7,5.3,18.8,2.3,0.4,10.4,27.9,673,118.1,104,4.7,1.5,6.3,6.9,0.3,7.3,1.3,78,2,1082,10.8,-6,0.1,-3.4,-0.4
2016,Marcus Georges-Hunt,SG, United States,Georgia Tech ,Sr.,36,1167,178,392,138,275,40,117,205,249,32,90,122,119,31,16,73,94,601,32.4,4.9,10.9,3.8,7.6,1.1,3.3,5.7,6.9,0.9,2.5,3.4,3.3,0.9,0.4,2,2.6,16.7,6.1,13.4,4.7,9.4,1.4,4,7,8.5,1.1,3.1,4.2,4.1,1.1,0.5,2.5,3.2,20.6,23,0.6,0.5,3.2,8.7,6,19.8,1.6,1.4,12.5,25.1,582,123.8,108.9,4.4,0.9,5.3,7.4,1.7,9,0.3,47,0,272,7.5,-1,0.1,-5,-0.2
2012,Jonathon Simmons,SG/SF, United States,Houston ,Jr.,30,902,154,301,122,218,32,83,101,141,42,107,149,65,21,11,100,75,441,30.1,5.1,10,4.1,7.3,1.1,2.8,3.4,4.7,1.4,3.6,5,2.2,0.7,0.4,3.3,2.5,14.7,6.8,13.3,5.4,9.7,1.4,3.7,4.5,6.3,1.9,4.7,6.6,2.9,0.9,0.5,4.4,3.3,19.6,20,0.6,0.6,5.6,13.9,9.8,14.9,1.4,1.2,21.4,26.1,415,106.4,107.1,2,0.6,2.6,2.7,-1.7,1,6.2,258,69,5298,11,-8,0.1,-3.1,-1.5
2016,Jarrod Uthoff,PF, United States,Iowa ,Sr.,33,1016,218,487,152,314,66,173,122,150,48,161,209,36,32,86,38,51,624,30.8,6.6,14.8,4.6,9.5,2,5.2,3.7,4.5,1.5,4.9,6.3,1.1,1,2.6,1.2,1.5,18.9,8.6,19.2,6,12.4,2.6,6.8,4.8,5.9,1.9,6.3,8.2,1.4,1.3,3.4,1.5,2,24.6,28,0.6,0.5,5.1,16.7,11,7.6,1.8,9,6.4,29.1,539,117.9,96.3,3.4,2,5.4,5.1,5.1,10.2,0.2,13,0,129,12.4,-8,0.1,-3.5,0
2017,Tahjere McCall,SG, United States,Tennessee State ,Sr.,31,932,138,303,118,231,20,72,158,209,47,112,159,93,72,11,97,101,454,30.1,4.5,9.8,3.8,7.5,0.6,2.3,5.1,6.7,1.5,3.6,5.1,3,2.3,0.4,3.1,3.3,14.6,5.9,13,5.1,9.9,0.9,3.1,6.8,9,2,4.8,6.8,4,3.1,0.5,4.2,4.3,19.5,23,0.6,0.5,5.8,13.6,9.7,20.7,4.5,1.5,19.4,26.7,469,108.2,94.1,2,2,4.1,2.3,2.8,5.1,0,1,0,8,9.6,-6,0.1,-6.6,0
2016,Troy Williams,SF, United States,Indiana ,Jr.,35,916,163,318,137,243,26,75,112,162,50,154,204,70,39,28,93,76,464,26.2,4.7,9.1,3.9,6.9,0.7,2.1,3.2,4.6,1.4,4.4,5.8,2,1.1,0.8,2.7,2.2,13.3,7.1,13.9,6,10.6,1.1,3.3,4.9,7.1,2.2,6.7,8.9,3.1,1.7,1.2,4.1,3.3,20.3,22,0.6,0.6,6.9,19.1,13.3,13.9,2.5,3.1,19.1,26.4,449,111,98.4,2.2,1.6,3.8,2.8,3.8,6.6,1.3,72,17,1176,11,-7,0.1,-2.6,-0.2
2018,Kenrich Williams,SF, United States,TCU ,Sr.,32,1153,155,325,110,211,45,114,66,96,89,208,297,124,56,15,65,81,421,36,4.8,10.2,3.4,6.6,1.4,3.6,2.1,3,2.8,6.5,9.3,3.9,1.8,0.5,2,2.5,13.2,5.4,11.3,3.8,7.3,1.6,4,2.3,3.3,3.1,7.2,10.3,4.3,1.9,0.5,2.3,2.8,14.6,21,0.6,0.5,9.7,21.5,15.7,18.1,2.8,1.4,14.9,18.7,464,120.2,103.4,3,1.6,4.6,5.9,4.6,10.5,2,81,47,1858,8.8,-7,0.1,-2.1,0
2019,Luguentz Dort,SG, Canada,Arizona State ,Fr.,34,1072,174,430,120,254,54,176,145,207,44,101,145,79,52,7,99,102,547,31.5,5.1,12.6,3.5,7.5,1.6,5.2,4.3,6.1,1.3,3,4.3,2.3,1.5,0.2,2.9,3,16.1,6.5,16,4.5,9.5,2,6.6,5.4,7.7,1.6,3.8,5.4,2.9,1.9,0.3,3.7,3.8,20.4,17,0.5,0.5,4.4,10,7.3,15.1,2.7,0.8,15.8,27.9,524,101.6,101,1.5,1.6,3.1,2.2,1.5,3.6,0.7,29,21,637,7.3,-7,0.1,-3.9,-0.3
2012,C.J. Williams,SG, United States,NC State ,Sr.,37,1150,158,316,124,217,34,99,42,52,63,78,141,66,40,14,46,88,392,31.1,4.3,8.5,3.4,5.9,0.9,2.7,1.1,1.4,1.7,2.1,3.8,1.8,1.1,0.4,1.2,2.4,10.6,5.5,11,4.3,7.5,1.2,3.4,1.5,1.8,2.2,2.7,4.9,2.3,1.4,0.5,1.6,3.1,13.6,17,0.6,0.6,6.4,8.1,7.2,11,2.1,1.3,11.9,16.8,370,118.2,104.8,2.6,1,3.7,4.9,1.6,6.5,0.9,53,17,835,9.4,-7,0,-2.3,-0.1
2012,Hollis Thompson,SF/SG, United States,Georgetown ,Jr.,33,1025,155,334,97,199,58,135,55,81,43,139,182,49,22,15,55,71,423,31.1,4.7,10.1,2.9,6,1.8,4.1,1.7,2.5,1.3,4.2,5.5,1.5,0.7,0.5,1.7,2.2,12.8,6,13,3.8,7.8,2.3,5.3,2.1,3.2,1.7,5.4,7.1,1.9,0.9,0.6,2.1,2.8,16.5,19,0.6,0.6,5.5,16.5,11.2,10.5,1.4,1.7,12.9,22.5,381,113.2,94.7,2.5,1.9,4.5,4,2,6,6.5,265,90,6424,9.6,-7,0,-2.8,-1.3
2015,Treveon Graham,SG, United States,VCU ,Sr.,33,970,172,402,108,234,64,168,125,181,73,162,235,53,20,9,38,67,533,29.4,5.2,12.2,3.3,7.1,1.9,5.1,3.8,5.5,2.2,4.9,7.1,1.6,0.6,0.3,1.2,2,16.2,7.1,16.6,4.5,9.6,2.6,6.9,5.2,7.5,3,6.7,9.7,2.2,0.8,0.4,1.6,2.8,22,25,0.5,0.5,8,20.5,13.8,12.7,1.2,1.1,7.2,27.6,499,118.8,99.1,3.5,1.5,5.1,6.6,0.3,6.9,2.8,180,44,2883,7.6,-7,0,-3.8,-1.3
2016,Kyle Collinsworth,PG, United States,BYU ,Sr.,37,1249,206,444,197,407,9,37,146,224,86,217,303,275,74,20,126,74,567,33.8,5.6,12,5.3,11,0.2,1,3.9,6.1,2.3,5.9,8.2,7.4,2,0.5,3.4,2,15.3,6.6,14.2,6.3,13,0.3,1.2,4.7,7.2,2.8,6.9,9.7,8.8,2.4,0.6,4,2.4,18.2,24,0.5,0.5,7.2,18,12.6,38.4,3.2,1.7,18.6,25.2,700,110.7,95.5,3.2,2.6,5.7,3.3,5,8.3,0.5,32,2,480,10,-10,0,-2.6,-0.1
2019,Chris Clemons,PG, United States,Campbell ,Sr.,33,1208,304,679,165,290,139,389,246,283,25,142,167,94,49,11,84,63,993,36.6,9.2,20.6,5,8.8,4.2,11.8,7.5,8.6,0.8,4.3,5.1,2.8,1.5,0.3,2.5,1.9,30.1,10.1,22.5,5.5,9.6,4.6,12.9,8.1,9.4,0.8,4.7,5.5,3.1,1.6,0.4,2.8,2.1,32.9,33,0.6,0.6,2.4,14.5,8.3,19.3,2.4,1.1,9.4,39,888,120.1,104.4,6.1,1.4,7.5,9.4,-4.3,5,0.2,29,0,251,12.6,-9,0,-1.3,0.1
2013,Brandon Paul,SG, United States,Illinois ,Sr.,36,1153,184,459,106,219,78,240,152,206,22,135,157,98,44,23,96,86,598,32,5.1,12.8,2.9,6.1,2.2,6.7,4.2,5.7,0.6,3.8,4.4,2.7,1.2,0.6,2.7,2.4,16.6,6.4,15.9,3.7,7.6,2.7,8.3,5.3,7.1,0.8,4.7,5.4,3.4,1.5,0.8,3.3,3,20.7,22,0.5,0.5,2.1,15.9,8.4,19.6,2.3,2.3,14.7,29.2,569,107.8,100,3.1,1.5,4.6,5.8,1.9,7.6,0.5,64,2,576,7.4,-11,0,-3.5,-0.2
2011,Ben Hansbrough,G, United States,Notre Dame ,Sr.,34,1202,194,405,107,205,87,200,150,184,25,106,131,145,41,4,81,88,625,35.4,5.7,11.9,3.1,6,2.6,5.9,4.4,5.4,0.7,3.1,3.9,4.3,1.2,0.1,2.4,2.6,18.4,6.5,13.5,3.6,6.8,2.9,6.7,5,6.1,0.8,3.5,4.4,4.8,1.4,0.1,2.7,2.9,20.8,25,0.6,0.6,2.6,9.6,6.3,26.8,2.1,0.3,14.1,25.4,589,124.9,103.2,5.1,1.4,6.4,9.6,0.7,10.3,0.2,28,0,200,7.2,-10,0,-4.2,-0.1
2016,Jalen Jones,SF, United States,Texas A&M ,Sr.,33,902,175,412,141,307,34,105,120,171,64,172,236,21,22,9,53,94,504,27.3,5.3,12.5,4.3,9.3,1,3.2,3.6,5.2,1.9,5.2,7.2,0.6,0.7,0.3,1.6,2.8,15.3,7.8,18.3,6.3,13.6,1.5,4.7,5.3,7.6,2.8,7.6,10.5,0.9,1,0.4,2.4,4.2,22.4,20,0.5,0.5,7.8,20.7,14.2,5,1.4,1.2,9.7,29.7,444,106.3,94.8,1.7,1.9,3.7,0.7,1,1.7,0.4,32,0,395,11,-10,0,-5.1,-0.3
2017,Gian Clavell,SG, Puerto Rico,Colorado State ,Sr.,27,987,193,449,115,247,78,202,88,127,37,133,170,47,53,20,53,58,552,36.6,7.1,16.6,4.3,9.1,2.9,7.5,3.3,4.7,1.4,4.9,6.3,1.7,2,0.7,2,2.1,20.4,7.8,18.2,4.7,10,3.2,8.2,3.6,5.1,1.5,5.4,6.9,1.9,2.1,0.8,2.1,2.4,22.4,24,0.5,0.5,4.2,14.3,9.4,11.5,3.2,2.3,9.4,28.8,494,111.6,98,2.5,1.8,4.3,4.6,1.6,6.1,0.1,7,0,64,7.4,-9,0,-2.2,0
2019,Oshae Brissett,SF, Canada,Syracuse ,So.,34,1121,147,374,117,263,30,111,99,150,75,180,255,61,33,27,69,71,423,33,4.3,11,3.4,7.7,0.9,3.3,2.9,4.4,2.2,5.3,7.5,1.8,1,0.8,2,2.1,12.4,5.2,13.3,4.2,9.4,1.1,4,3.5,5.4,2.7,6.4,9.1,2.2,1.2,1,2.5,2.5,15.1,16,0.5,0.4,7.5,18,12.8,11.8,1.8,3.4,13.4,23.5,431,99.8,98.2,1.1,2,3.1,0.5,3.2,3.7,0.1,19,0,135,6.7,-11,0,-5.4,-0.1
2014,Jarell Eddie,SF, United States,Virginia Tech ,Sr.,31,1011,134,377,54,164,80,213,63,81,32,135,167,38,11,11,53,48,411,32.6,4.3,12.2,1.7,5.3,2.6,6.9,2,2.6,1,4.4,5.4,1.2,0.4,0.4,1.7,1.5,13.3,5.3,14.9,2.1,6.5,3.2,8.4,2.5,3.2,1.3,5.3,6.6,1.5,0.4,0.4,2.1,1.9,16.3,14,0.5,0.5,3.7,14.7,9.4,9.5,0.7,1.3,11.3,25,372,101.4,107.3,1,1.1,2.1,1.4,-0.3,1.1,0.2,34,0,218,10.1,-10,0,-2,0
2014,Sean Kilpatrick,SG, United States,Cincinnati ,Sr.,34,1149,214,506,121,239,93,267,180,213,36,110,146,86,48,1,70,46,701,33.8,6.3,14.9,3.6,7,2.7,7.9,5.3,6.3,1.1,3.2,4.3,2.5,1.4,0,2.1,1.4,20.6,7.4,17.6,4.2,8.3,3.2,9.3,6.3,7.4,1.3,3.8,5.1,3,1.7,0,2.4,1.6,24.4,26,0.6,0.5,3.6,11.5,7.5,18.5,2.6,0.1,10.3,30.6,631,123.2,95.7,4.7,2.4,7.2,9,0.5,9.5,2.6,157,25,3082,13.2,-11,0,-2.4,-0.3
2018,Allonzo Trier,SG, United States,Arizona ,Jr.,33,1124,184,368,114,184,70,184,160,185,11,89,100,107,21,11,70,57,598,34.1,5.6,11.2,3.5,5.6,2.1,5.6,4.8,5.6,0.3,2.7,3,3.2,0.6,0.3,2.1,1.7,18.1,6.5,13.1,4.1,6.5,2.5,6.5,5.7,6.6,0.4,3.2,3.6,3.8,0.7,0.4,2.5,2,21.3,23,0.7,0.6,1.3,9.1,5.5,17.4,1.1,1.1,13.3,23.9,558,129.2,108.4,4.5,1,5.5,7.9,-0.2,7.7,1.4,88,4,1750,12.5,-10,0,-2.7,-0.3
2016,Gary Payton,PG, United States,Oregon State ,Sr.,32,1096,205,422,183,352,22,70,79,123,77,174,251,161,80,16,74,85,511,34.3,6.4,13.2,5.7,11,0.7,2.2,2.5,3.8,2.4,5.4,7.8,5,2.5,0.5,2.3,2.7,16,7.5,15.4,6.7,12.8,0.8,2.6,2.9,4.5,2.8,6.4,9.2,5.9,2.9,0.6,2.7,3.1,18.6,26,0.5,0.5,7.8,18,12.8,32.9,4.3,1.7,13.3,25.6,558,112.7,97.2,3,2.1,5,6.8,5.7,12.5,0.6,61,23,768,10.5,-11,0,-2.5,-0.1
2014,JaKarr Sampson,PF, United States,St. John's ,So.,33,957,181,366,180,361,1,5,61,108,68,134,202,39,21,32,52,92,424,29,5.5,11.1,5.5,10.9,0,0.2,1.8,3.3,2.1,4.1,6.1,1.2,0.6,1,1.6,2.8,12.8,7.6,15.3,7.5,15.1,0,0.2,2.5,4.5,2.8,5.6,8.4,1.6,0.9,1.3,2.2,3.8,17.7,18,0.5,0.5,8,15.4,11.8,8.9,1.3,3.6,11.1,24.9,400,103.8,100.7,1.3,1.6,2.8,0.1,2.1,2.2,2,173,78,2762,10.1,-11,0,-4,-1.4
2014,Jabari Brown,SG, United States,Missouri ,Jr.,35,1295,203,435,123,240,80,195,212,266,17,138,155,67,22,5,82,57,698,37,5.8,12.4,3.5,6.9,2.3,5.6,6.1,7.6,0.5,3.9,4.4,1.9,0.6,0.1,2.3,1.6,19.9,6.3,13.4,3.8,7.4,2.5,6,6.5,8.2,0.5,4.3,4.8,2.1,0.7,0.2,2.5,1.8,21.6,22,0.6,0.6,1.7,11.5,7,12.2,1,0.4,12.7,26.1,630,123.7,109.3,4.6,1.1,5.8,6.6,-1,5.6,0.4,19,5,568,11,-11,0,-4.3,-0.3
2015,Bryce Dejean-Jones,SG, United States,Iowa State ,Sr.,33,760,119,250,92,168,27,82,83,115,39,116,155,70,35,10,49,57,348,23,3.6,7.6,2.8,5.1,0.8,2.5,2.5,3.5,1.2,3.5,4.7,2.1,1.1,0.3,1.5,1.7,10.5,6.3,13.2,4.8,8.8,1.4,4.3,4.4,6.1,2.1,6.1,8.2,3.7,1.8,0.5,2.6,3,18.3,22,0.6,0.5,6.1,16.3,11.5,17.2,2.6,1.3,13.9,23.5,348,114.3,97.7,2.1,1.3,3.4,5.3,3,8.2,0.2,14,11,279,9.6,-11,0,-2.5,0
2017,PJ Dozier,SG, United States,South Carolina ,So.,36,1033,191,469,149,328,42,141,77,129,39,134,173,101,60,10,78,100,501,28.7,5.3,13,4.1,9.1,1.2,3.9,2.1,3.6,1.1,3.7,4.8,2.8,1.7,0.3,2.2,2.8,13.9,7.4,18.2,5.8,12.7,1.6,5.5,3,5,1.5,5.2,6.7,3.9,2.3,0.4,3,3.9,19.4,18,0.5,0.5,4.1,15.4,9.5,22.8,3.3,1.1,12.8,28.7,487,99,90.8,1,2.6,3.6,2.2,4.9,7.2,0.2,29,0,288,10.3,-12,0,-4.8,-0.2
2012,Kevin Jones,PF, United States,West Virginia ,Sr.,33,1265,260,511,226,383,34,128,103,132,141,219,360,41,23,34,42,41,657,38.3,7.9,15.5,6.8,11.6,1,3.9,3.1,4,4.3,6.6,10.9,1.2,0.7,1,1.3,1.2,19.9,8.2,16.2,7.1,12.1,1.1,4,3.3,4.2,4.5,6.9,11.4,1.3,0.7,1.1,1.3,1.3,20.8,29,0.6,0.5,12.5,24.1,17.7,7.8,1.1,2.9,6.8,24.5,595,127.7,99.7,5.5,1.8,7.2,7.2,1.5,8.6,0.2,32,0,334,11.1,-11,0,-4.1,-0.2
2014,Coty Clarke,SF, United States,Arkansas ,Sr.,34,752,105,238,80,180,25,58,85,105,47,143,190,81,51,18,45,103,320,22.1,3.1,7,2.4,5.3,0.7,1.7,2.5,3.1,1.4,4.2,5.6,2.4,1.5,0.5,1.3,3,9.4,5.6,12.7,4.3,9.6,1.3,3.1,4.5,5.6,2.5,7.6,10.1,4.3,2.7,1,2.4,5.5,17,22,0.6,0.5,6.8,20.3,13.6,20.1,3.7,2.4,13.5,21,334,116.9,91.4,1.9,1.9,3.7,4,5.2,9.2,0,3,0,6,23.9,-12,0,14.1,0
2011,Malcolm Delaney,G, United States,Virginia Tech ,Sr.,34,1300,186,443,102,237,84,206,181,213,27,92,119,137,56,6,103,89,637,38.2,5.5,13,3,7,2.5,6.1,5.3,6.3,0.8,2.7,3.5,4,1.6,0.2,3,2.6,18.7,5.7,13.6,3.1,7.3,2.6,6.3,5.6,6.6,0.8,2.8,3.7,4.2,1.7,0.2,3.2,2.7,19.6,22,0.6,0.5,2.6,8.3,5.5,22.7,2.6,0.5,15.9,26.1,623,115.4,97.6,4.2,2.2,6.3,6.7,1.4,8.1,1.1,127,5,2262,8.9,-14,0,-4.2,-1.3
2015,Julian Washburn,SF, United States,UTEP ,Sr.,33,1117,127,306,87,201,40,105,46,64,29,107,136,86,29,19,42,63,340,33.8,3.8,9.3,2.6,6.1,1.2,3.2,1.4,1.9,0.9,3.2,4.1,2.6,0.9,0.6,1.3,1.9,10.3,4.5,11,3.1,7.2,1.4,3.8,1.6,2.3,1,3.8,4.9,3.1,1,0.7,1.5,2.3,12.2,14,0.5,0.5,3.2,10.8,7.2,15.7,1.6,1.8,11.1,18.1,341,106.9,99.9,1.6,1.7,3.3,1,1.5,2.5,0.1,18,3,254,6.5,-19,0,-4.6,-0.2
2017,Isaiah Briscoe,PG, United States,Kentucky ,So.,36,1095,163,347,146,288,17,59,94,148,53,142,195,151,30,7,89,92,437,30.4,4.5,9.6,4.1,8,0.5,1.6,2.6,4.1,1.5,3.9,5.4,4.2,0.8,0.2,2.5,2.6,12.1,6,12.7,5.3,10.5,0.6,2.2,3.4,5.4,1.9,5.2,7.1,5.5,1.1,0.3,3.3,3.4,16,16,0.5,0.5,5.2,13.8,9.5,23.2,1.5,0.6,17.6,21.3,480,107.5,99,1.9,1.9,3.8,3.1,3.8,6.9,0.3,39,0,559,6.7,-15,0,-5,-0.4
2018,Kelan Martin,SF, United States,Butler ,Sr.,35,1249,259,580,164,319,95,261,130,154,33,186,219,70,26,16,84,67,743,35.7,7.4,16.6,4.7,9.1,2.7,7.5,3.7,4.4,0.9,5.3,6.3,2,0.7,0.5,2.4,1.9,21.2,8.3,18.6,5.3,10.2,3,8.4,4.2,4.9,1.1,6,7,2.2,0.8,0.5,2.7,2.1,23.8,22,0.6,0.5,3.2,18.4,10.7,11.1,1.2,1.5,11.4,30,675,111.6,104.5,3.3,1.6,4.8,4.7,1.2,5.8,0.2,31,4,495,9.2,-14,0,-4.3,-0.3
2014,Bryce Cotton,PG, United States,Providence ,Sr.,35,1398,230,549,153,339,77,210,226,265,19,105,124,205,35,3,85,51,763,39.9,6.6,15.7,4.4,9.7,2.2,6,6.5,7.6,0.5,3,3.5,5.9,1,0.1,2.4,1.5,21.8,6.6,15.7,4.4,9.7,2.2,6,6.5,7.6,0.5,3,3.5,5.9,1,0.1,2.4,1.5,21.8,24,0.6,0.5,1.6,8.9,5.3,34.8,1.5,0.2,11.2,28.3,759,122.6,109.4,5.5,1.2,6.7,8.5,-1.4,7.1,0.1,23,0,198,12,-14,0,-3.5,-0.1
2011,Dwight Buycks,PG, United States,Marquette ,Sr.,36,1013,117,254,78,159,39,95,45,66,25,86,111,121,38,2,84,55,318,28.1,3.3,7.1,2.2,4.4,1.1,2.6,1.3,1.8,0.7,2.4,3.1,3.4,1.1,0.1,2.3,1.5,8.8,4.6,10,3.1,6.3,1.5,3.8,1.8,2.6,1,3.4,4.4,4.8,1.5,0.1,3.3,2.2,12.6,14,0.6,0.5,2.9,9.7,6.3,22.1,2.2,0.2,22.7,18.1,329,103.3,104.4,1.3,1,2.3,3.1,1.2,4.3,0.3,49,0,696,11.7,-13,0,-3.1,-0.2
2013,Elias Harris,F, Germany,Gonzaga ,Sr.,34,944,169,337,161,290,8,47,149,194,69,184,253,53,40,19,60,67,495,27.8,5,9.9,4.7,8.5,0.2,1.4,4.4,5.7,2,5.4,7.4,1.6,1.2,0.6,1.8,2,14.6,7.2,14.3,6.8,12.3,0.3,2,6.3,8.2,2.9,7.8,10.7,2.2,1.7,0.8,2.5,2.8,21,28,0.6,0.5,9.5,23.5,16.8,11.1,2.6,2.4,12.3,26.9,475,120.5,88.4,3.8,2.3,6.1,4.5,4,8.4,0,2,0,11,7.6,-18,0,0.3,0
2013,Phil Pressey,PG, United States,Missouri ,Jr.,34,1151,141,375,95,233,46,142,75,102,26,86,112,240,61,2,120,64,403,33.9,4.1,11,2.8,6.9,1.4,4.2,2.2,3,0.8,2.5,3.3,7.1,1.8,0.1,3.5,1.9,11.9,4.9,13,3.3,8.1,1.6,4.9,2.6,3.5,0.9,3,3.9,8.3,2.1,0.1,4.2,2.2,14,17,0.5,0.4,2.6,8.6,5.7,37.8,3.1,0.2,22.1,23.2,489,102.3,100.5,1.9,1.5,3.4,3.1,1.5,4.5,0.8,148,11,2015,9.9,-15,0,-2.7,-0.4
2012,Mike James,PG, United States,Lamar ,Sr.,32,995,211,466,172,346,39,120,87,108,30,72,102,63,50,4,66,67,548,31.1,6.6,14.6,5.4,10.8,1.2,3.8,2.7,3.4,0.9,2.3,3.2,2,1.6,0.1,2.1,2.1,17.1,8.5,18.7,6.9,13.9,1.6,4.8,3.5,4.3,1.2,2.9,4.1,2.5,2,0.2,2.7,2.7,22,21,0.5,0.5,3.2,8.6,5.8,14.7,2.9,0.4,11.3,28.3,485,109.4,99,2.6,1.5,4,3,-1.9,1.1,0.2,36,10,687,13.9,-14,0,-1.5,0.1
2016,Myke Henry,SG/SF, United States,DePaul ,Sr.,31,896,170,317,148,257,22,60,63,87,66,126,192,31,26,8,76,95,425,28.9,5.5,10.2,4.8,8.3,0.7,1.9,2,2.8,2.1,4.1,6.2,1,0.8,0.3,2.5,3.1,13.7,7.6,14.2,6.6,11.5,1,2.7,2.8,3.9,2.9,5.6,8.6,1.4,1.2,0.4,3.4,4.2,19,19,0.6,0.6,8.9,16.5,12.7,8.4,1.7,1.1,17.5,24.7,390,107.6,109.4,1.6,0.7,2.3,3,-0.1,2.9,0.1,20,0,378,9.7,-16,0,-1.3,0.1
2019,Tariq Owens,F, United States,Texas Tech ,Sr.,38,964,129,211,121,179,8,32,64,82,81,138,219,28,18,92,38,111,330,25.4,3.4,5.6,3.2,4.7,0.2,0.8,1.7,2.2,2.1,3.6,5.8,0.7,0.5,2.4,1,2.9,8.7,5.4,8.8,5,7.4,0.3,1.3,2.7,3.4,3.4,5.7,9.1,1.2,0.7,3.8,1.6,4.6,13.7,23,0.7,0.6,10.7,16.2,13.6,5.7,1.1,12.1,13.2,15.8,330,128.9,86.1,2.8,2.8,5.6,4,10.1,14.1,0,3,0,15,8.4,-16,0,-5.9,0
2013,Brandon Davies,PF, United States,BYU ,Sr.,36,1054,229,439,224,425,5,14,174,255,74,213,287,88,48,35,92,111,637,29.3,6.4,12.2,6.2,11.8,0.1,0.4,4.8,7.1,2.1,5.9,8,2.4,1.3,1,2.6,3.1,17.7,8.7,16.7,8.5,16.1,0.2,0.5,6.6,9.7,2.8,8.1,10.9,3.3,1.8,1.3,3.5,4.2,24.2,28,0.6,0.5,7.7,24,15.5,17.5,2.6,3.6,14.1,29.8,603,112,94.2,3.5,2,5.5,3.3,4,7.3,0.3,78,6,998,8.7,-15,0,-5.5,-0.9
2015,Michael Frazier,SG, United States,Florida ,Jr.,26,759,98,235,41,85,57,150,61,70,23,84,107,37,31,2,46,44,314,29.2,3.8,9,1.6,3.3,2.2,5.8,2.3,2.7,0.9,3.2,4.1,1.4,1.2,0.1,1.8,1.7,12.1,5.2,12.4,2.2,4.5,3,7.9,3.2,3.7,1.2,4.4,5.6,1.9,1.6,0.1,2.4,2.3,16.5,19,0.6,0.5,3.7,14,8.7,10.9,2.6,0.3,14.6,22.6,280,111.6,96.3,1.7,1.4,3.1,5.7,2.8,8.4,0,8,0,66,2.4,-16,0,-8.8,-0.1
2017,Isaiah Hicks,PF, United States,North Carolina ,Sr.,39,907,174,302,174,302,0,0,113,145,72,141,213,55,16,29,64,119,461,23.3,4.5,7.7,4.5,7.7,0,0,2.9,3.7,1.8,3.6,5.5,1.4,0.4,0.7,1.6,3.1,11.8,7.7,13.3,7.7,13.3,0,0,5,6.4,3.2,6.2,9.4,2.4,0.7,1.3,2.8,5.2,20.3,22,0.6,0.6,8.3,16.9,12.5,10.6,1,3.6,14.7,21.7,424,122.6,99,2.8,1.6,4.4,4.4,4.5,8.9,0.1,21,0,272,8,-15,0,-6.7,-0.3
2018,Brandon Goodwin,PG, United States,Florida Gulf Coast ,Sr.,34,1135,223,474,181,321,42,153,144,192,38,150,188,162,46,4,100,53,632,33.4,6.6,13.9,5.3,9.4,1.2,4.5,4.2,5.6,1.1,4.4,5.5,4.8,1.4,0.1,2.9,1.6,18.6,7.9,16.7,6.4,11.3,1.5,5.4,5.1,6.8,1.3,5.3,6.6,5.7,1.6,0.1,3.5,1.9,22.3,23,0.6,0.5,4,13.9,9.3,26,2.2,0.4,15,28,652,113.8,99.7,3.3,1.9,5.2,2.6,0.1,2.7,0.1,50,1,487,11.3,-15,0,-3.6,-0.2
2012,Scott Machado,PG, United States,Iona ,Sr.,33,1171,155,313,115,214,40,99,99,122,30,133,163,327,53,7,108,86,449,35.5,4.7,9.5,3.5,6.5,1.2,3,3,3.7,0.9,4,4.9,9.9,1.6,0.2,3.3,2.6,13.6,5.3,10.7,3.9,7.3,1.4,3.4,3.4,4.2,1,4.5,5.6,11.2,1.8,0.2,3.7,2.9,15.3,24,0.6,0.6,3.1,14.2,8.6,44.2,2.5,0.6,22.5,19.9,590,123.3,101.7,4.5,1.4,5.9,5.7,0.2,5.9,0,10,0,40,13.7,-13,0,-2,0
2018,Jaylen Adams,PG, United States,St. Bonaventure ,Sr.,28,1036,153,350,78,178,75,172,154,181,12,83,95,146,43,7,86,80,535,37,5.5,12.5,2.8,6.4,2.7,6.1,5.5,6.5,0.4,3,3.4,5.2,1.5,0.3,3.1,2.9,19.1,5.9,13.5,3,6.9,2.9,6.6,5.9,7,0.5,3.2,3.7,5.6,1.7,0.3,3.3,3.1,20.7,22,0.6,0.5,1.4,9.1,5.3,28.6,2.4,0.9,16.5,25.5,534,118.9,103.9,3.3,1.4,4.7,6.1,0.2,6.3,0.1,34,1,428,7.6,-16,0,-4.3,-0.2
2011,Malcolm Thomas,F, United States,San Diego State ,Sr.,37,1126,158,295,156,283,2,12,104,162,108,193,301,84,18,75,77,84,422,30.4,4.3,8,4.2,7.6,0.1,0.3,2.8,4.4,2.9,5.2,8.1,2.3,0.5,2,2.1,2.3,11.4,5.6,10.5,5.5,10.1,0.1,0.4,3.7,5.8,3.8,6.9,10.7,3,0.6,2.7,2.7,3,15,24,0.6,0.5,11.6,19.6,15.7,14.2,1,7,17.2,20.8,446,115,90.4,3,2.6,5.7,3.1,7.1,10.2,0.1,40,0,329,8.4,-18,0,-5.9,-0.3
2014,Walt Lemon,PG, United States,Bradley ,Sr.,32,1135,210,495,181,395,29,100,126,169,8,90,98,124,78,3,115,76,575,35.5,6.6,15.5,5.7,12.3,0.9,3.1,3.9,5.3,0.3,2.8,3.1,3.9,2.4,0.1,3.6,2.4,18,7.4,17.4,6.4,13.9,1,3.5,4.4,6,0.3,3.2,3.5,4.4,2.7,0.1,4.1,2.7,20.3,19,0.5,0.5,0.8,9.9,5.2,28.9,4.3,0.3,16.7,32.4,560,98.2,102.2,1,1.7,2.7,1,0.2,1.2,0,11,3,202,14.7,-14,0,-3.2,-0.1
2019,Amir Coffey,SG, United States,Minnesota ,Jr.,36,1267,198,454,157,319,41,135,162,219,25,106,131,115,33,8,83,54,599,35.2,5.5,12.6,4.4,8.9,1.1,3.8,4.5,6.1,0.7,2.9,3.6,3.2,0.9,0.2,2.3,1.5,16.6,6.3,14.3,5,10.1,1.3,4.3,5.1,6.9,0.8,3.3,4.1,3.6,1,0.3,2.6,1.7,18.9,18,0.5,0.5,2.2,9.6,5.8,19.8,1.5,0.7,12.9,25.6,564,107.8,105.9,2.5,1.3,3.8,4,1,5,0,13,0,98,5.9,-18,0,-6.8,-0.1
2016,Ron Baker,SG/PG, United States,Wichita State ,Sr.,35,1106,160,377,96,194,64,183,107,135,19,149,168,113,53,21,54,50,491,31.6,4.6,10.8,2.7,5.5,1.8,5.2,3.1,3.9,0.5,4.3,4.8,3.2,1.5,0.6,1.5,1.4,14,5.8,13.6,3.5,7,2.3,6.6,3.9,4.9,0.7,5.4,6.1,4.1,1.9,0.8,2,1.8,17.8,22,0.6,0.5,1.9,16.1,8.7,21.7,2.9,2.5,10.9,23.1,468,116,87.9,2.9,3.1,5.9,5.6,5.5,11.1,0.2,96,14,1394,7.4,-18,0,-3.8,-0.6
2019,Matt Mooney,SG, United States,Texas Tech ,Sr.,38,1177,156,366,107,239,49,127,68,87,7,111,118,126,70,4,94,74,429,31,4.1,9.6,2.8,6.3,1.3,3.3,1.8,2.3,0.2,2.9,3.1,3.3,1.8,0.1,2.5,1.9,11.3,5.3,12.4,3.6,8.1,1.7,4.3,2.3,3,0.2,3.8,4,4.3,2.4,0.1,3.2,2.5,14.6,15,0.5,0.5,0.8,10.6,6,20.8,3.5,0.4,18.8,22.5,436,99.3,88.8,1.1,3.1,4.2,1.7,4.7,6.4,0,4,0,19,8.1,-35,0,-0.3,0
2019,Justin Robinson,PG, United States,Virginia Tech ,Sr.,34,1128,212,508,116,270,96,238,149,174,20,109,129,162,49,3,89,54,669,33.2,6.2,14.9,3.4,7.9,2.8,7,4.4,5.1,0.6,3.2,3.8,4.8,1.4,0.1,2.6,1.6,19.7,7.5,18,4.1,9.6,3.4,8.4,5.3,6.2,0.7,3.9,4.6,5.7,1.7,0.1,3.2,1.9,23.7,23,0.6,0.5,1.9,10,6,29.4,2.3,0.3,13.1,28.3,670,116.5,101.8,3.7,1.7,5.4,6,-0.2,5.8,0,9,0,49,8.2,-16,0,-5.7,0
2016,Daniel Ochefu,PF, United States,Villanova ,Sr.,37,865,153,244,153,243,0,1,65,95,76,202,278,63,29,57,50,91,371,23.4,4.1,6.6,4.1,6.6,0,0,1.8,2.6,2.1,5.5,7.5,1.7,0.8,1.5,1.4,2.5,10,7.1,11.3,7.1,11.2,0,0,3,4.4,3.5,9.3,12.9,2.9,1.3,2.6,2.3,4.2,17.2,27,0.6,0.6,11.3,25.8,19.1,14.6,2,7.5,14.7,20.6,379,125.2,87.2,2.9,2.5,5.4,4.7,9.1,13.8,0,19,0,75,6.6,-17,0,-8.4,-0.1
2016,Wayne Selden,PG/SG, United States,Kansas ,Jr.,38,1134,189,399,115,210,74,189,71,116,30,101,131,100,28,11,71,77,523,29.8,5,10.5,3,5.5,1.9,5,1.9,3.1,0.8,2.7,3.4,2.6,0.7,0.3,1.9,2,13.8,6.7,14.1,4.1,7.4,2.6,6.7,2.5,4.1,1.1,3.6,4.6,3.5,1,0.4,2.5,2.7,18.4,18,0.6,0.6,3.3,9.5,6.6,16.3,1.4,1,13.5,23.1,494,113.9,100.9,2.7,1.8,4.4,5.6,2.3,7.8,0.1,124,27,2367,9.2,-17,0,-4.7,-1.6
2013,Adonis Thomas,SF/SG, United States,Memphis ,So.,36,1056,155,383,129,294,26,89,85,113,55,106,161,69,24,25,58,50,421,29.3,4.3,10.6,3.6,8.2,0.7,2.5,2.4,3.1,1.5,2.9,4.5,1.9,0.7,0.7,1.6,1.4,11.7,5.9,14.5,4.9,11.1,1,3.4,3.2,4.3,2.1,4,6.1,2.6,0.9,0.9,2.2,1.9,15.9,16,0.5,0.4,6.1,12,9,12.4,1.3,2.4,11.7,22.9,409,104.1,98.9,1.7,1.5,3.2,-0.1,1.1,1,0,6,1,37,7.3,-17,0,-6.2,0
2012,James Nunnally,SF/SG, United States,UC Santa Barbara ,Sr.,31,1044,180,383,123,229,57,154,78,98,33,151,184,86,21,8,77,62,495,33.7,5.8,12.4,4,7.4,1.8,5,2.5,3.2,1.1,4.9,5.9,2.8,0.7,0.3,2.5,2,16,6.9,14.7,4.7,8.8,2.2,5.9,3,3.8,1.3,5.8,7,3.3,0.8,0.3,3,2.4,19,21,0.6,0.5,3.8,16.7,10.4,17.5,1.2,0.8,15.2,25.4,457,113,103.3,2.9,1.1,4.1,3.7,-1.6,2,0,28,0,267,6.6,-18,0,-5.1,-0.2
2014,Xavier Munford,PG, United States,Rhode Island ,Sr.,32,1139,184,458,122,268,62,190,111,157,20,108,128,78,36,13,88,63,541,35.6,5.8,14.3,3.8,8.4,1.9,5.9,3.5,4.9,0.6,3.4,4,2.4,1.1,0.4,2.8,2,16.9,6.5,16.1,4.3,9.4,2.2,6.7,3.9,5.5,0.7,3.8,4.5,2.7,1.3,0.5,3.1,2.2,19,16,0.5,0.5,2.1,10.6,6.5,16.1,1.9,1.1,14.2,27.7,499,100.6,103.1,1.2,1.6,2.8,1.6,-0.1,1.4,0,20,0,265,8.9,-18,0,-3.2,-0.1
2013,Trey McKinney-Jones,SG, United States,Miami (Florida),Sr.,36,1091,107,259,48,109,59,150,57,67,13,109,122,56,29,1,34,55,330,30.3,3,7.2,1.3,3,1.6,4.2,1.6,1.9,0.4,3,3.4,1.6,0.8,0,0.9,1.5,9.2,3.9,9.5,1.8,4,2.2,5.5,2.1,2.5,0.5,4,4.5,2.1,1.1,0,1.2,2,12.1,15,0.6,0.5,1.5,12.3,6.9,9.8,1.7,0.1,10.5,16.1,309,117.8,99.5,2.4,1.5,3.9,4.3,2.1,6.4,0,1,0,1,0,N/A,0,-8.5,0
2019,Ky Bowman,PG, United States,Boston College ,Jr.,31,1220,196,485,117,274,79,211,118,155,26,207,233,125,43,18,90,82,589,39.4,6.3,15.6,3.8,8.8,2.5,6.8,3.8,5,0.8,6.7,7.5,4,1.4,0.6,2.9,2.6,19,6.4,15.9,3.8,9,2.6,6.9,3.9,5.1,0.9,6.8,7.6,4.1,1.4,0.6,3,2.7,19.3,20,0.5,0.5,2.3,18.1,10.3,22.8,2.1,1.6,13.9,26.9,575,105.6,102.7,2.3,1.6,3.9,4.2,1.8,6,-0.1,45,12,1015,9.2,-19,0,-4.3,-0.6
2017,Naz Mitrou-Long,PG/SG, Canada,Iowa State ,Sr.,35,1164,185,391,87,136,98,255,62,78,24,136,160,93,43,1,59,75,530,33.3,5.3,11.2,2.5,3.9,2.8,7.3,1.8,2.2,0.7,3.9,4.6,2.7,1.2,0,1.7,2.1,15.1,6.4,13.4,3,4.7,3.4,8.8,2.1,2.7,0.8,4.7,5.5,3.2,1.5,0,2,2.6,18.2,20,0.6,0.6,2.4,12.6,7.7,14.2,2.1,0.1,12.1,21.1,491,119.2,103.5,3.1,1.5,4.6,7.2,2,9.2,0,18,0,128,5.9,-21,0,-3.6,-0.1
2012,Toure' Murry,SG/PG, United States,Wichita State ,Sr.,33,968,140,332,124,276,16,56,105,133,46,110,156,110,42,9,73,54,401,29.3,4.2,10.1,3.8,8.4,0.5,1.7,3.2,4,1.4,3.3,4.7,3.3,1.3,0.3,2.2,1.6,12.2,5.8,13.7,5.1,11.4,0.7,2.3,4.3,5.5,1.9,4.5,6.4,4.5,1.7,0.4,3,2.2,16.6,20,0.5,0.4,6,13.6,9.9,21.2,2.6,1,15.6,24.9,431,107.4,93.4,2.2,1.9,4.1,2.3,3.2,5.6,-0.1,56,0,391,10.7,-17,0,-4.7,-0.3
2017,Jamel Artis,SG/SF, United States,Pittsburgh ,Sr.,32,1097,196,413,122,224,74,189,116,158,40,116,156,106,13,9,83,61,582,34.3,6.1,12.9,3.8,7,2.3,5.9,3.6,4.9,1.3,3.6,4.9,3.3,0.4,0.3,2.6,1.9,18.2,7.1,15.1,4.4,8.2,2.7,6.9,4.2,5.8,1.5,4.2,5.7,3.9,0.5,0.3,3,2.2,21.2,21,0.6,0.6,4.4,11.8,8.2,22.8,0.7,0.8,14.5,27.2,551,114.5,113.6,3.2,0.4,3.6,6.7,-0.9,5.8,0,15,1,279,6.9,-20,0,-5.4,-0.2
2019,Louis King,SF, United States,Oregon ,Fr.,31,943,148,340,89,187,59,153,62,79,41,130,171,40,27,7,64,77,417,30.4,4.8,11,2.9,6,1.9,4.9,2,2.5,1.3,4.2,5.5,1.3,0.9,0.2,2.1,2.5,13.5,6.3,14.4,3.8,7.9,2.5,6.5,2.6,3.4,1.7,5.5,7.3,1.7,1.1,0.3,2.7,3.3,17.7,17,0.6,0.5,5.4,16,10.9,9,1.7,1,14.5,25,381,105.3,97,1.5,1.8,3.3,2,1.4,3.4,0,10,0,62,6.3,-20,0,-6.2,-0.1
2013,Chris Babb,SG, United States,Iowa State ,Sr.,33,1080,97,237,32,67,65,170,41,55,19,93,112,74,36,8,31,53,300,32.7,2.9,7.2,1,2,2,5.2,1.2,1.7,0.6,2.8,3.4,2.2,1.1,0.2,0.9,1.6,9.1,3.6,8.8,1.2,2.5,2.4,6.3,1.5,2,0.7,3.4,4.1,2.7,1.3,0.3,1.1,2,11.1,14,0.6,0.5,2,10.3,6.1,11.7,1.9,0.8,10.5,13.3,290,122,104.1,2.2,1,3.2,4.9,1.9,6.8,0,14,0,132,3.7,-26,0,-6.1,-0.1
2019,Rayjon Tucker,SG, United States,Little Rock ,Jr.,30,1097,187,381,115,206,72,175,164,211,23,179,202,53,33,11,78,68,610,36.6,6.2,12.7,3.8,6.9,2.4,5.8,5.5,7,0.8,6,6.7,1.8,1.1,0.4,2.6,2.3,20.3,6.8,13.9,4.2,7.5,2.6,6.4,6,7.7,0.8,6.5,7.4,1.9,1.2,0.4,2.8,2.5,22.2,22,0.6,0.6,2.6,18.3,10.8,10,1.7,1.2,13.9,25.2,544,116.7,103.4,3.2,1.4,4.6,3.6,-1,2.6,0,14,0,78,4.5,-24,0,-7.9,-0.1
2017,Deonte Burton,SG, United States,Iowa State ,Sr.,32,1236,215,456,166,300,49,156,164,221,12,125,137,142,48,17,65,71,643,38.6,6.7,14.3,5.2,9.4,1.5,4.9,5.1,6.9,0.4,3.9,4.3,4.4,1.5,0.5,2,2.2,20.1,7,14.8,5.4,9.7,1.6,5,5.3,7.2,0.4,4,4.4,4.6,1.6,0.6,2.1,2.3,20.8,25,0.6,0.5,1.1,12,6.5,26.8,2.4,1.6,10.4,26.7,629,120.7,111.1,4.3,0.9,5.2,6.7,-0.2,6.5,-0.1,66,0,524,6.4,-21,0,-5.1,-0.4
2017,Kobi Simmons,PG, United States,Arizona ,Fr.,37,871,111,281,79,183,32,98,69,89,13,47,60,73,24,3,46,70,323,23.5,3,7.6,2.1,4.9,0.9,2.6,1.9,2.4,0.4,1.3,1.6,2,0.6,0.1,1.2,1.9,8.7,5.1,12.9,3.6,8.4,1.5,4.5,3.2,4.1,0.6,2.2,2.8,3.4,1.1,0.1,2.1,3.2,14.8,13,0.5,0.5,1.9,6.1,4.1,15.7,1.6,0.4,12.5,22,319,106,103.6,1.3,1.1,2.4,1.5,1,2.6,-0.2,33,12,645,7.7,-21,0,-6.9,-0.8
2017,Antonius Cleveland,SG, United States,Southeast Missouri State ,Sr.,33,1086,208,383,180,310,28,73,105,159,28,141,169,73,47,30,66,85,549,32.9,6.3,11.6,5.5,9.4,0.8,2.2,3.2,4.8,0.8,4.3,5.1,2.2,1.4,0.9,2,2.6,16.6,7.7,14.1,6.6,11.4,1,2.7,3.9,5.9,1,5.2,6.2,2.7,1.7,1.1,2.4,3.1,20.2,23,0.6,0.6,3,16.5,9.5,15,2.5,3.4,12.6,24.5,502,114,104.5,2.7,1.3,4.1,1.7,1.1,2.9,0,23,0,145,4.3,-31,0,-5.7,-0.1
2017,Billy Garrett,SG, United States,DePaul ,Sr.,32,938,140,361,99,248,41,113,157,178,12,80,92,107,37,5,105,81,478,29.3,4.4,11.3,3.1,7.8,1.3,3.5,4.9,5.6,0.4,2.5,2.9,3.3,1.2,0.2,3.3,2.5,14.9,6,15.4,4.2,10.6,1.7,4.8,6.7,7.6,0.5,3.4,3.9,4.6,1.6,0.2,4.5,3.5,20.4,17,0.5,0.4,1.5,10.7,5.8,25.1,2.3,0.7,19.1,29.5,474,101.8,110.2,1.3,0.6,2,2,-0.8,1.2,0,4,0,63,9.8,-21,0,-5.5,-0.1
2012,Chris Smith,PG, United States,Louisville ,Sr.,31,960,161,326,98,186,63,140,79,106,43,120,163,64,25,12,50,66,464,31,5.2,10.5,3.2,6,2,4.5,2.5,3.4,1.4,3.9,5.3,2.1,0.8,0.4,1.6,2.1,15,6.7,13.6,4.1,7.8,2.6,5.8,3.3,4.4,1.8,5,6.8,2.7,1,0.5,2.1,2.8,19.3,22,0.6,0.6,5.2,14,9.7,13.9,1.5,1.4,11.7,22.6,426,121.4,106.5,3,1,3.9,5.6,-0.5,5.1,0,2,0,2,0,N/A,0,-9.7,0
2015,Aaron Harrison,SG, United States,Kentucky ,So.,39,1004,146,370,87,183,59,187,79,101,15,85,100,55,43,6,35,61,430,25.7,3.7,9.5,2.2,4.7,1.5,4.8,2,2.6,0.4,2.2,2.6,1.4,1.1,0.2,0.9,1.6,11,5.8,14.7,3.5,7.3,2.4,7.5,3.1,4,0.6,3.4,4,2.2,1.7,0.2,1.4,2.4,17.1,18,0.5,0.5,1.9,9.2,5.8,11.1,2.7,0.6,7.7,23.6,382,115.1,88.3,2.5,2.6,5.2,5.2,3.6,8.8,-0.1,35,3,343,4.5,-25,0,-7.4,-0.5
2013,Will Cherry,PG, United States,Montana ,Sr.,22,723,89,221,68,141,21,80,94,123,18,76,94,86,42,8,58,38,293,32.9,4,10,3.1,6.4,1,3.6,4.3,5.6,0.8,3.5,4.3,3.9,1.9,0.4,2.6,1.7,13.3,4.9,12.2,3.8,7.8,1.2,4.4,5.2,6.8,1,4.2,5.2,4.8,2.3,0.4,3.2,2.1,16.2,21,0.5,0.5,3.4,13.8,8.7,25.9,3.6,1.2,17.2,26.1,314,104.7,99.5,1.5,1,2.5,1.4,0.9,2.3,0,8,0,69,5.8,-23,0,-6,-0.1
2011,D.J. Kennedy,G/F, United States,St. John's ,Sr.,32,919,104,228,84,173,20,55,105,135,44,136,180,65,56,15,55,68,333,28.7,3.3,7.1,2.6,5.4,0.6,1.7,3.3,4.2,1.4,4.3,5.6,2,1.8,0.5,1.7,2.1,10.4,4.5,9.9,3.7,7.5,0.9,2.4,4.6,5.9,1.9,5.9,7.8,2.8,2.4,0.7,2.4,3,14.5,21,0.6,0.5,5.8,18.4,12,14.3,3.7,2.1,15.8,19.6,335,113.6,96.5,2.1,1.6,3.7,4.3,5,9.3,0,2,0,59,4.7,-25,0,-6.7,-0.1
2013,James Southerland,SF, United States,Syracuse ,Sr.,34,1003,161,358,77,147,84,211,45,57,44,133,177,36,49,28,39,79,451,29.5,4.7,10.5,2.3,4.3,2.5,6.2,1.3,1.7,1.3,3.9,5.2,1.1,1.4,0.8,1.1,2.3,13.3,6.4,14.3,3.1,5.9,3.3,8.4,1.8,2.3,1.8,5.3,7.1,1.4,2,1.1,1.6,3.2,18,23,0.6,0.6,4.9,16,10.2,7.7,3,3.5,9.2,21.3,381,121.9,89.3,3.2,2.3,5.5,7,3.9,10.9,0,4,0,30,11.8,-19,0,-2.7,0
2017,Antonio Blakeney,PG, United States,LSU ,So.,31,1018,194,424,141,276,53,148,92,127,32,117,149,54,21,3,64,49,533,32.8,6.3,13.7,4.5,8.9,1.7,4.8,3,4.1,1,3.8,4.8,1.7,0.7,0.1,2.1,1.6,17.2,7.6,16.7,5.5,10.8,2.1,5.8,3.6,5,1.3,4.6,5.9,2.1,0.8,0.1,2.5,1.9,20.9,18,0.6,0.5,3.4,12.9,8,10.7,1.1,0.3,11.7,25.4,483,109.6,117.2,2.1,0,2.1,3.9,-2.5,1.3,-0.6,76,3,1143,10.5,-21,0,-5.2,-0.9
2018,Yuta Watanabe,SF, Japan,George Washington ,Sr.,33,1207,193,442,137,288,56,154,96,119,42,158,200,52,26,54,51,50,538,36.6,5.8,13.4,4.2,8.7,1.7,4.7,2.9,3.6,1.3,4.8,6.1,1.6,0.8,1.6,1.5,1.5,16.3,6.4,14.6,4.5,9.5,1.9,5.1,3.2,3.9,1.4,5.2,6.6,1.7,0.9,1.8,1.7,1.7,17.8,20,0.5,0.5,4.2,15.7,9.9,9.2,1.3,4.7,9.3,23.7,486,112,106.8,2.5,1.3,3.8,1.7,0.4,2.2,-0.1,31,0,273,5.6,-26,0,-6.8,-0.3
2018,Yante Maten,PF, United States,Georgia ,Sr.,33,1131,207,446,178,361,29,85,193,241,116,167,283,51,15,49,67,72,636,34.3,6.3,13.5,5.4,10.9,0.9,2.6,5.8,7.3,3.5,5.1,8.6,1.5,0.5,1.5,2,2.2,19.3,7.3,15.8,6.3,12.8,1,3,6.8,8.5,4.1,5.9,10,1.8,0.5,1.7,2.4,2.5,22.5,27,0.6,0.5,11.8,15.7,13.8,11.6,0.8,4.7,10.7,28.7,607,120.1,101.1,4.2,1.8,6,5.9,3.5,9.4,0,2,0,13,5.7,-34,0,-9.2,0
2015,J.J. O'Brien,SF/SG, United States,San Diego State ,Sr.,36,1183,149,320,138,285,11,35,60,93,79,108,187,88,51,7,54,47,369,32.9,4.1,8.9,3.8,7.9,0.3,1,1.7,2.6,2.2,3,5.2,2.4,1.4,0.2,1.5,1.3,10.3,5,10.8,4.7,9.6,0.4,1.2,2,3.1,2.7,3.7,6.3,3,1.7,0.2,1.8,1.6,12.5,19,0.5,0.5,7.8,11.2,9.5,17.6,2.8,0.7,12.9,19.4,386,109.7,90.4,2.2,2.8,5,2.8,4.6,7.4,0,2,0,6,1.3,-89,0,-6.2,0
2019,Charlie Brown,SF, United States,Saint Joseph's ,So.,32,1139,205,477,142,300,63,177,136,161,66,131,197,48,34,25,59,83,609,35.6,6.4,14.9,4.4,9.4,2,5.5,4.3,5,2.1,4.1,6.2,1.5,1.1,0.8,1.8,2.6,19,7.2,16.8,5,10.5,2.2,6.2,4.8,5.7,2.3,4.6,6.9,1.7,1.2,0.9,2.1,2.9,21.4,22,0.6,0.5,6.4,13,9.7,10.1,1.7,2.7,9.6,28,577,110.2,107.1,2.8,1,3.9,3.6,-1,2.6,0,10,0,40,11.1,-21,0,-2.5,0
2018,B.J. Johnson,SG, United States,La Salle ,Sr.,27,951,194,435,147,304,47,131,126,145,57,168,225,20,35,19,68,57,561,35.2,7.2,16.1,5.4,11.3,1.7,4.9,4.7,5.4,2.1,6.2,8.3,0.7,1.3,0.7,2.5,2.1,20.8,8.2,18.3,6.2,12.8,2,5.5,5.3,6.1,2.4,7.1,9.5,0.8,1.5,0.8,2.9,2.4,23.6,23,0.6,0.5,6.9,20.9,13.8,5,2.1,2.1,11.9,30.9,504,107.3,102.3,2,1.4,3.4,1.3,-0.6,0.7,-0.1,15,0,95,7.8,-24,0,-6.9,-0.1
2017,Nigel Hayes,SF, United States,Wisconsin ,Sr.,37,1190,180,394,158,324,22,70,135,230,82,163,245,100,28,14,63,67,517,32.2,4.9,10.6,4.3,8.8,0.6,1.9,3.6,6.2,2.2,4.4,6.6,2.7,0.8,0.4,1.7,1.8,14,6.1,13.2,5.3,10.9,0.7,2.4,4.5,7.7,2.8,5.5,8.2,3.4,0.9,0.5,2.1,2.3,17.4,21,0.5,0.5,8,16.7,12.3,16.9,1.5,1.3,11.1,24.8,529,112.9,98,3,2.2,5.2,3.4,3.6,7,-0.1,9,0,122,6.4,-30,0,-3.8,-0.1
2017,Andrew White,SF, United States,Syracuse ,Sr.,34,1266,199,451,87,173,112,278,118,141,28,130,158,38,55,12,56,72,628,37.2,5.9,13.3,2.6,5.1,3.3,8.2,3.5,4.1,0.8,3.8,4.6,1.1,1.6,0.4,1.6,2.1,18.5,6.3,14.2,2.7,5.5,3.5,8.8,3.7,4.5,0.9,4.1,5,1.2,1.7,0.4,1.8,2.3,19.8,20,0.6,0.6,2.6,11.2,7.1,6.1,2.6,1.1,9.8,23.1,528,119.9,106.4,3.5,1.3,4.9,6.4,0.3,6.7,-0.1,15,0,209,5.8,-25,0,-5.5,-0.2
2017,Dusty Hannahs,SG, United States,Arkansas ,Sr.,36,890,168,383,94,192,74,191,108,119,20,42,62,43,16,4,60,63,518,24.7,4.7,10.6,2.6,5.3,2.1,5.3,3,3.3,0.6,1.2,1.7,1.2,0.4,0.1,1.7,1.8,14.4,7.6,17.2,4.2,8.6,3.3,8.6,4.9,5.3,0.9,1.9,2.8,1.9,0.7,0.2,2.7,2.8,23.3,19,0.6,0.5,2.6,5,3.8,9.6,1,0.5,12,27.1,453,115.4,112.5,2.5,0.4,2.9,5.3,-3,2.3,0,4,0,39,10.1,-22,0,-5.4,0
2016,Kyle Wiltjer,PF/SF, United States,Gonzaga ,Sr.,36,1209,260,529,170,323,90,206,126,147,61,167,228,53,13,29,74,66,736,33.6,7.2,14.7,4.7,9,2.5,5.7,3.5,4.1,1.7,4.6,6.3,1.5,0.4,0.8,2.1,1.8,20.4,8.6,17.5,5.6,10.7,3,6.8,4.2,4.9,2,5.5,7.5,1.8,0.4,1,2.4,2.2,24.4,26,0.6,0.6,6.2,14.2,10.5,9,0.6,2.4,11,28.4,657,122.4,98.8,4.7,2.1,6.8,6,0.9,6.8,0,14,0,44,6.7,-24,0,-5.4,0
2011,Diante Garrett,G, United States,Iowa State ,Sr.,32,1175,214,518,155,333,59,185,66,80,12,107,119,195,55,7,106,55,553,36.7,6.7,16.2,4.8,10.4,1.8,5.8,2.1,2.5,0.4,3.3,3.7,6.1,1.7,0.2,3.3,1.7,17.3,7.3,17.6,5.3,11.3,2,6.3,2.2,2.7,0.4,3.6,4.1,6.6,1.9,0.2,3.6,1.9,18.8,19,0.5,0.5,1.1,9.7,5.4,33.9,2.6,0.6,16,27.6,581,101.7,100.6,1.9,1.6,3.6,2.6,0.7,3.3,-1,90,0,1197,7.3,-26,0,-4.6,-0.8
2016,James Webb,SF, United States,Boise State ,Jr.,31,944,177,358,150,249,27,109,108,158,74,209,283,34,44,20,49,94,489,30.5,5.7,11.5,4.8,8,0.9,3.5,3.5,5.1,2.4,6.7,9.1,1.1,1.4,0.6,1.6,3,15.8,7.5,15.2,6.4,10.6,1.1,4.6,4.6,6.7,3.1,8.9,12,1.4,1.9,0.8,2.1,4,20.7,25,0.6,0.5,9.2,27,17.9,7.7,2.6,2.5,10.2,25.4,463,115.5,94.2,2.6,2.1,4.7,2.6,2.5,5.1,-0.1,10,0,120,2.2,-33,0,-8.3,-0.2
2018,Daryl Macon,SG, United States,Arkansas ,Sr.,35,1082,174,389,89,187,85,202,154,176,13,88,101,138,36,2,63,62,587,30.9,5,11.1,2.5,5.3,2.4,5.8,4.4,5,0.4,2.5,2.9,3.9,1,0.1,1.8,1.8,16.8,6.4,14.4,3.3,6.9,3.1,7.5,5.7,6.5,0.5,3.3,3.7,5.1,1.3,0.1,2.3,2.3,21.7,23,0.6,0.6,1.4,9.2,5.3,23.2,1.9,0.2,11.8,24.3,576,126.4,109.7,4.2,0.8,5.1,8.7,-0.8,7.9,-0.1,12,0,104,4.4,-27,0,-8.4,-0.2
2018,Rawle Alkins,PG/SG, United States,Arizona ,So.,23,723,99,229,66,137,33,92,71,98,43,67,110,58,29,17,59,50,302,31.4,4.3,10,2.9,6,1.4,4,3.1,4.3,1.9,2.9,4.8,2.5,1.3,0.7,2.6,2.2,13.1,5.5,12.7,3.7,7.6,1.8,5.1,3.9,5.4,2.4,3.7,6.1,3.2,1.6,0.9,3.3,2.8,16.7,18,0.5,0.5,8,10.7,9.4,14,2.3,2.5,17.6,23.6,311,108.8,104.1,1.4,0.9,2.3,3.7,2.6,6.3,-0.1,10,1,120,8.1,-24,0,-7.3,-0.2
2018,Theo Pinson,SG/SF, United States,North Carolina ,Sr.,37,1100,130,275,118,222,12,53,108,132,55,185,240,187,40,20,89,84,380,29.7,3.5,7.4,3.2,6,0.3,1.4,2.9,3.6,1.5,5,6.5,5.1,1.1,0.5,2.4,2.3,10.3,4.7,10,4.3,8.1,0.4,1.9,3.9,4.8,2,6.7,8.7,6.8,1.5,0.7,3.2,3.1,13.8,19,0.6,0.5,5.4,17.6,11.6,27.2,2,2,20.9,18.1,447,116,101.5,2.5,1.7,4.2,4.1,4.7,8.8,-0.5,51,0,576,6.3,-24,0,-5.6,-0.5
2016,Tim Quarterman,PG/SG, United States,LSU ,Jr.,33,952,118,284,70,144,48,140,84,133,52,101,153,120,32,13,53,79,368,28.8,3.6,8.6,2.1,4.4,1.5,4.2,2.5,4,1.6,3.1,4.6,3.6,1,0.4,1.6,2.4,11.2,5,11.9,2.9,6.1,2,5.9,3.5,5.6,2.2,4.2,6.4,5,1.3,0.5,2.2,3.3,15.5,18,0.5,0.5,5.9,11.5,8.7,22.3,1.8,1.4,13.2,20,399,112.9,107.6,2,0.9,2.9,4.5,0.7,5.2,-0.1,19,0,93,9.2,-24,0,-3.8,0
2011,John Holland,SG, United States,Boston University ,Sr.,34,1153,203,526,127,296,76,230,172,200,44,152,196,54,47,11,73,79,654,33.9,6,15.5,3.7,8.7,2.2,6.8,5.1,5.9,1.3,4.5,5.8,1.6,1.4,0.3,2.1,2.3,19.2,7,18.2,4.4,10.3,2.6,8,6,6.9,1.5,5.3,6.8,1.9,1.6,0.4,2.5,2.7,22.7,25,0.5,0.5,4.4,14.6,9.6,13.1,2.6,1.1,10.5,32.4,598,111.2,99.8,3.6,1.7,5.3,3.8,-1.2,2.6,-0.2,25,0,175,5.9,-28,-0.1,-5.5,-0.2
2016,DeVaughn Akoon-Purcell,SG/SF, United States,Illinois State ,Sr.,32,895,157,364,138,291,19,73,118,165,51,107,158,60,30,13,86,62,451,28,4.9,11.4,4.3,9.1,0.6,2.3,3.7,5.2,1.6,3.3,4.9,1.9,0.9,0.4,2.7,1.9,14.1,7,16.3,6.2,13,0.8,3.3,5.3,7.4,2.3,4.8,7.1,2.7,1.3,0.6,3.8,2.8,20.2,18,0.5,0.5,6.3,13.9,10,16.1,2,1.7,16.3,30.1,434,98.7,98.8,0.9,1.6,2.5,0.3,1.2,1.5,0,7,0,22,8.2,-20,-0.1,-5.8,0
2017,Milton Doyle,SG, United States,Loyola (Illinois),Sr.,32,1044,168,376,127,260,41,116,110,138,19,142,161,142,55,22,92,77,487,32.6,5.3,11.8,4,8.1,1.3,3.6,3.4,4.3,0.6,4.4,5,4.4,1.7,0.7,2.9,2.4,15.2,6.4,14.4,4.9,10,1.6,4.4,4.2,5.3,0.7,5.4,6.2,5.4,2.1,0.8,3.5,3,18.7,22,0.6,0.5,2.4,16.9,9.9,27.5,3.1,2.4,17.2,27.8,516,106.3,95.5,2.1,2.2,4.2,2,3.2,5.3,-0.1,10,0,125,5.2,-28,-0.1,-6.8,-0.1
2018,Deng Adel,SF, South Sudan,Louisville ,Jr.,34,1126,178,397,128,254,50,143,103,131,22,154,176,94,21,11,77,49,509,33.1,5.2,11.7,3.8,7.5,1.5,4.2,3,3.9,0.6,4.5,5.2,2.8,0.6,0.3,2.3,1.4,15,6.3,14.1,4.5,9,1.8,5.1,3.7,4.7,0.8,5.5,6.3,3.3,0.7,0.4,2.7,1.7,18.1,17,0.6,0.5,2.3,14.3,8.6,16.5,1.1,1,14.4,24.1,487,108.4,103.6,2,1.5,3.6,3.1,1.2,4.3,-0.2,19,3,194,2.7,-36,-0.1,-7.5,-0.3
2018,Ángel Delgado,C, Dominican Republic,Seton Hall ,Sr.,34,1049,187,370,187,368,0,2,90,147,137,265,402,94,26,23,85,77,464,30.9,5.5,10.9,5.5,10.8,0,0.1,2.6,4.3,4,7.8,11.8,2.8,0.8,0.7,2.5,2.3,13.6,7.1,14.1,7.1,14,0,0.1,3.4,5.6,5.2,10.1,15.3,3.6,1,0.9,3.2,2.9,17.7,23,0.5,0.5,14.7,28,21.4,16.9,1.4,2.3,16.2,24,511,110.3,99.9,2.3,1.8,4.1,2.6,4.3,6.9,0,2,0,15,4.3,-31,-0.1,-12,0
2017,Rodney Purvis,SG, United States,Connecticut ,Sr.,33,1217,151,406,74,180,77,226,77,95,13,126,139,84,34,8,59,71,456,36.9,4.6,12.3,2.2,5.5,2.3,6.8,2.3,2.9,0.4,3.8,4.2,2.5,1,0.2,1.8,2.2,13.8,5,13.3,2.4,5.9,2.5,7.4,2.5,3.1,0.4,4.1,4.6,2.8,1.1,0.3,1.9,2.3,15,14,0.5,0.5,1.3,11,6.4,15,1.7,0.8,11.6,22.3,426,103.5,103.9,1.5,1.5,3,2.1,1.1,3.2,-0.3,16,2,290,4.5,-29,-0.1,-8.2,-0.5
2012,Maalik Wayns,PG, United States,Villanova ,Jr.,29,975,162,391,117,240,45,151,141,158,15,95,110,133,28,1,87,78,510,33.6,5.6,13.5,4,8.3,1.6,5.2,4.9,5.4,0.5,3.3,3.8,4.6,1,0,3,2.7,17.6,6.6,16,4.8,9.8,1.8,6.2,5.8,6.5,0.6,3.9,4.5,5.5,1.1,0,3.6,3.2,20.9,21,0.5,0.5,1.7,12,6.6,32.5,1.7,0.1,15.7,27.9,503,112.7,107.6,3.1,0.6,3.7,6.5,-0.5,6,-0.3,29,1,211,5.7,-25,-0.1,-9.3,-0.4
2019,Moses Brown,C, United States,UCLA ,Fr.,32,748,133,219,133,219,0,0,45,128,108,158,266,9,19,62,49,75,311,23.4,4.2,6.8,4.2,6.8,0,0,1.4,4,3.4,4.9,8.3,0.3,0.6,1.9,1.5,2.3,9.7,7.1,11.7,7.1,11.7,0,0,2.4,6.8,5.8,8.4,14.2,0.5,1,3.3,2.6,4,16.6,22,0.6,0.6,15.6,21,18.4,2.4,1.4,8.7,14.9,20.6,306,107.5,99.6,1.2,1.2,2.5,0.2,3.6,3.9,0,9,0,33,6.7,-26,-0.1,-9.9,-0.1
2011,Mychel Thompson,F/G, United States,Pepperdine ,Sr.,33,1061,167,462,114,286,53,176,95,123,54,140,194,62,36,33,58,64,482,32.2,5.1,14,3.5,8.7,1.6,5.3,2.9,3.7,1.6,4.2,5.9,1.9,1.1,1,1.8,1.9,14.6,6.3,17.4,4.3,10.8,2,6.6,3.6,4.6,2,5.3,7.3,2.3,1.4,1.2,2.2,2.4,18.2,18,0.5,0.4,5.7,15.9,10.6,13.5,2,3.6,10,27.4,458,101.3,108,1.5,0.7,2.3,0.7,-0.3,0.5,-0.2,5,3,95,2.2,-37,-0.1,-7.1,-0.1
2019,Zylan Cheatham,SF, United States,Arizona State ,Sr.,34,1102,143,268,132,243,11,25,115,186,73,278,351,108,28,27,103,93,412,32.4,4.2,7.9,3.9,7.1,0.3,0.7,3.4,5.5,2.1,8.2,10.3,3.2,0.8,0.8,3,2.7,12.1,5.2,9.7,4.8,8.8,0.4,0.9,4.2,6.8,2.6,10.1,12.7,3.9,1,1,3.7,3.4,15,19,0.6,0.6,7.2,26.9,17.1,18.8,1.4,3,22.4,19.9,441,106.8,96.1,1.7,2.2,3.9,1.4,5.3,6.7,-0.1,3,0,31,0.1,-47,-0.1,-10.2,-0.1
2019,Zach Norvell Jr.,SG, United States,Gonzaga ,So.,37,1135,182,419,85,157,97,262,91,105,29,130,159,116,47,3,53,67,552,30.7,4.9,11.3,2.3,4.2,2.6,7.1,2.5,2.8,0.8,3.5,4.3,3.1,1.3,0.1,1.4,1.8,14.9,6.4,14.8,3,5.5,3.4,9.2,3.2,3.7,1,4.6,5.6,4.1,1.7,0.1,1.9,2.4,19.5,21,0.6,0.6,3.2,11.5,7.9,16.1,2.3,0.3,10.2,22.6,535,122.9,94,3.7,2.4,6.2,7.1,2.5,9.5,-0.1,5,0,41,2.6,-38,-0.1,-8.3,-0.1
2017,London Perrantes,PG, United States,Virginia ,Sr.,34,1093,146,353,81,179,65,174,74,91,11,91,102,128,25,2,58,33,431,32.1,4.3,10.4,2.4,5.3,1.9,5.1,2.2,2.7,0.3,2.7,3,3.8,0.7,0.1,1.7,1,12.7,5.3,12.9,3,6.6,2.4,6.4,2.7,3.3,0.4,3.3,3.7,4.7,0.9,0.1,2.1,1.2,15.8,18,0.5,0.5,1.3,10.6,6,24.7,1.5,0.3,12.8,24.2,432,111.4,97.1,2.5,2.1,4.6,5.4,2.8,8.1,-0.1,14,0,66,0.7,-47,-0.1,-9.2,-0.1
2012,Drew Gordon,PF, United States,New Mexico ,Sr.,35,1078,188,347,186,345,2,2,103,137,108,280,388,43,39,35,82,78,481,30.8,5.4,9.9,5.3,9.9,0.1,0.1,2.9,3.9,3.1,8,11.1,1.2,1.1,1,2.3,2.2,13.7,7,12.9,6.9,12.8,0.1,0.1,3.8,5.1,4,10.4,14.4,1.6,1.4,1.3,3,2.9,17.8,25,0.6,0.5,12.4,31.1,21.9,8.9,2.2,3.8,16.6,23.7,457,112,82.2,2.8,3.3,6.1,1.5,5.5,6.9,-0.1,9,0,71,3.7,-35,-0.1,-9.5,-0.1
2018,J.P. Macura,SG, United States,Xavier ,Sr.,34,1010,146,305,97,175,49,130,96,117,45,107,152,99,49,13,68,76,437,29.7,4.3,9,2.9,5.1,1.4,3.8,2.8,3.4,1.3,3.1,4.5,2.9,1.4,0.4,2,2.2,12.9,5.8,12.1,3.8,6.9,1.9,5.1,3.8,4.6,1.8,4.2,6,3.9,1.9,0.5,2.7,3,17.3,20,0.6,0.6,5.5,11.5,8.7,17.2,2.7,1.4,15.9,20.7,443,118.9,103,2.7,1.4,4.1,6.2,3.3,9.6,0,3,0,18,5.4,-36,-0.1,-7.6,0
2018,Jared Terrell,SG, United States,Rhode Island ,Sr.,34,1128,191,447,116,266,75,181,115,140,32,87,119,80,50,7,59,78,572,33.2,5.6,13.1,3.4,7.8,2.2,5.3,3.4,4.1,0.9,2.6,3.5,2.4,1.5,0.2,1.7,2.3,16.8,6.8,15.9,4.1,9.4,2.7,6.4,4.1,5,1.1,3.1,4.2,2.8,1.8,0.2,2.1,2.8,20.3,20,0.6,0.5,3.1,9.7,6.2,13.5,2.6,0.7,10.3,25.2,524,114.1,101.1,2.8,1.8,4.6,4.8,1.5,6.3,-0.3,14,0,111,0.7,-43,-0.1,-10.9,-0.2
2011,Cory Higgins,G, United States,Colorado ,Sr.,38,1222,200,461,164,355,36,106,174,201,31,93,124,94,37,14,80,82,610,32.2,5.3,12.1,4.3,9.3,0.9,2.8,4.6,5.3,0.8,2.4,3.3,2.5,1,0.4,2.1,2.2,16.1,6.5,15.1,5.4,11.6,1.2,3.5,5.7,6.6,1,3,4.1,3.1,1.2,0.5,2.6,2.7,20,20,0.5,0.5,3.1,8.6,5.9,14.6,1.8,1.2,12.6,25.8,581,114.1,109.1,3.5,0.7,4.2,3.5,-0.9,2.5,-1.3,44,0,455,4.7,-36,-0.1,-9.9,-0.9
2013,Vander Blue,SG, United States,Marquette ,Jr.,34,1123,183,403,143,271,40,132,96,127,20,90,110,62,36,0,79,60,502,33,5.4,11.9,4.2,8,1.2,3.9,2.8,3.7,0.6,2.6,3.2,1.8,1.1,0,2.3,1.8,14.8,6.5,14.4,5.1,9.7,1.4,4.7,3.4,4.5,0.7,3.2,3.9,2.2,1.3,0,2.8,2.1,17.9,17,0.5,0.5,2.3,10.3,6.3,12.8,2,0,14.6,25.7,443,106.5,103,2.3,1.1,3.5,3.7,0.1,3.9,-0.4,10,1,134,1.7,-45,-0.1,-9.8,-0.3
2011,Xavier Silas,G, United States,Northern Illinois ,Sr.,26,831,178,388,126,262,52,126,171,201,21,98,119,48,31,7,103,70,579,32,6.8,14.9,4.8,10.1,2,4.8,6.6,7.7,0.8,3.8,4.6,1.8,1.2,0.3,4,2.7,22.3,8.6,18.7,6.1,12.6,2.5,6.1,8.2,9.7,1,4.7,5.7,2.3,1.5,0.3,5,3.4,27.9,25,0.6,0.5,2.8,13.3,8,15.4,2.2,0.9,17.6,35.1,509,108,105.4,2.5,0.8,3.2,4.7,-2.5,2.1,-0.1,4,0,46,-0.7,-39,-0.1,-13.7,-0.1
2018,Joe Chealey,PG, United States,College of Charleston ,Sr.,34,1202,169,430,107,252,62,178,211,246,22,136,158,122,29,4,59,78,611,35.4,5,12.6,3.1,7.4,1.8,5.2,6.2,7.2,0.6,4,4.6,3.6,0.9,0.1,1.7,2.3,18,5.6,14.3,3.6,8.4,2.1,5.9,7,8.2,0.7,4.5,5.3,4.1,1,0.1,2,2.6,20.3,22,0.6,0.5,2.3,13.5,8,20.7,1.5,0.4,9.7,27.1,618,118.9,105.3,4.1,1.4,5.5,3.7,-1,2.6,-0.1,5,0,41,-1.9,-68,-0.2,-13,-0.1
2017,Xavier Rathan-Mayes,SF, Canada,Florida State ,Jr.,35,969,134,296,94,172,40,124,62,117,22,90,112,168,33,4,65,70,370,27.7,3.8,8.5,2.7,4.9,1.1,3.5,1.8,3.3,0.6,2.6,3.2,4.8,0.9,0.1,1.9,2,10.6,5.5,12.2,3.9,7.1,1.7,5.1,2.6,4.8,0.9,3.7,4.6,6.9,1.4,0.2,2.7,2.9,15.3,17,0.5,0.5,2.6,10,6.4,28.8,1.9,0.4,15.6,20.4,416,112.3,104.3,2,1.2,3.2,4.5,1.5,6,-0.4,5,0,118,0.9,-44,-0.2,-11.5,-0.3
2017,Paul Watson,SG, United States,Fresno State ,Sr.,33,1064,128,309,83,177,45,132,76,112,36,134,170,45,29,22,75,105,377,32.2,3.9,9.4,2.5,5.4,1.4,4,2.3,3.4,1.1,4.1,5.2,1.4,0.9,0.7,2.3,3.2,11.4,4.8,11.6,3.1,6.7,1.7,5,2.9,4.2,1.4,5,6.4,1.7,1.1,0.8,2.8,3.9,14.2,12,0.5,0.5,4,14.4,9.3,8.3,1.6,2.5,17.2,20.7,359,97.4,100.8,0.6,1.7,2.3,-0.9,1.2,0.2,-0.1,5,0,25,-0.5,-64,-0.2,-7.3,0
2017,Matt Williams,SG, United States,UCF ,Sr.,36,1315,178,455,52,127,126,328,60,74,16,138,154,69,25,1,65,64,542,36.5,4.9,12.6,1.4,3.5,3.5,9.1,1.7,2.1,0.4,3.8,4.3,1.9,0.7,0,1.8,1.8,15.1,5.4,13.8,1.6,3.9,3.8,10,1.8,2.3,0.5,4.2,4.7,2.1,0.8,0,2,1.9,16.5,15,0.6,0.5,1.5,10.4,6.4,12,1.1,0.1,11.7,21.9,486,111.6,97.1,2.6,2.5,5.1,4,1.1,5.1,0,3,0,11,-0.7,-43,-0.2,-11.2,0
2014,Keith Appling,PG, United States,Michigan State ,Sr.,35,1102,132,292,98,198,34,94,93,141,13,93,106,156,41,14,74,96,391,31.5,3.8,8.3,2.8,5.7,1,2.7,2.7,4,0.4,2.7,3,4.5,1.2,0.4,2.1,2.7,11.2,4.8,10.6,3.6,7.2,1.2,3.4,3.4,5.1,0.5,3.4,3.8,5.7,1.5,0.5,2.7,3.5,14.2,16,0.5,0.5,1.5,9.5,5.7,25.9,2.3,1.5,17.1,20.5,419,111.1,102.1,2.1,1.7,3.7,3.2,2.2,5.4,-0.1,5,0,27,-4.8,-53,-0.2,-15.1,-0.1
2011,Jacob Pullen,PG, United States,Kansas State ,Sr.,31,1012,191,448,117,254,74,194,170,220,20,70,90,115,49,4,95,55,626,32.6,6.2,14.5,3.8,8.2,2.4,6.3,5.5,7.1,0.6,2.3,2.9,3.7,1.6,0.1,3.1,1.8,20.2,7.5,17.7,4.6,10,2.9,7.7,6.7,8.7,0.8,2.8,3.6,4.5,1.9,0.2,3.8,2.2,24.7,24,0.6,0.5,2.2,8.3,5.2,26.1,2.8,0.4,14.7,30.7,585,116.5,98.8,3.9,1.6,5.4,7.7,1,8.7,0,3,0,6,-2.3,-54,-0.2,-12.7,0
2014,Jerrelle Benimon,PF, United States,Towson ,Sr.,36,1307,225,425,211,381,14,44,209,293,84,320,404,130,25,44,124,104,673,36.3,6.3,11.8,5.9,10.6,0.4,1.2,5.8,8.1,2.3,8.9,11.2,3.6,0.7,1.2,3.4,2.9,18.7,6.9,13,6.5,11.7,0.4,1.3,6.4,9,2.6,9.8,12.4,4,0.8,1.3,3.8,3.2,20.6,27,0.6,0.5,7.7,25.2,17.2,23.2,1.2,3.4,18,27.2,691,116.6,99.5,4.2,2.3,6.5,3.7,2.4,6,0,2,0,3,4.7,-47,-0.2,-13,0
2017,Charles Cooke,SG, United States,Dayton ,Sr.,29,915,151,332,102,209,49,123,106,151,29,120,149,82,32,28,61,56,457,31.6,5.2,11.4,3.5,7.2,1.7,4.2,3.7,5.2,1,4.1,5.1,2.8,1.1,1,2.1,1.9,15.8,6.6,14.5,4.5,9.1,2.1,5.4,4.6,6.6,1.3,5.2,6.5,3.6,1.4,1.2,2.7,2.4,20,21,0.6,0.5,3.8,14.9,9.5,18.9,2,3.7,13.1,26.1,437,110.7,96.3,2.1,1.8,3.9,3.5,3.2,6.7,-0.2,13,0,38,-5.1,-68,-0.2,-14.4,-0.1
2016,Patricio Garino,SG/SF, Argentina,George Washington ,Sr.,38,1217,203,398,145,263,58,135,73,106,52,109,161,56,52,31,72,98,537,32,5.3,10.5,3.8,6.9,1.5,3.6,1.9,2.8,1.4,2.9,4.2,1.5,1.4,0.8,1.9,2.6,14.1,6.7,13.1,4.8,8.6,1.9,4.4,2.4,3.5,1.7,3.6,5.3,1.8,1.7,1,2.4,3.2,17.6,20,0.6,0.6,5,10,7.5,9.7,2.5,2.7,13.8,21.6,476,114.9,101.8,2.8,1.8,4.6,4.1,2.3,6.4,-0.2,5,0,43,-9.2,-107,-0.3,-17.9,-0.2
2019,Jared Harper,PG, United States,Auburn ,Jr.,40,1318,183,459,85,194,98,265,149,180,12,87,99,231,45,2,94,70,613,33,4.6,11.5,2.1,4.9,2.5,6.6,3.7,4.5,0.3,2.2,2.5,5.8,1.1,0.1,2.4,1.8,15.3,5.6,13.9,2.6,5.9,3,8,4.5,5.5,0.4,2.6,3,7,1.4,0.1,2.9,2.1,18.6,20,0.6,0.5,1,8,4.4,32.4,2,0.2,14.7,24,668,120.1,104.9,4.5,1.5,6,6.9,-0.5,6.4,0,3,0,8,-5.3,-66,-0.3,-15.8,0
2011,Scotty Hopson,SG, United States,Tennessee ,Jr.,32,937,188,416,135,275,53,141,114,155,28,79,107,41,26,5,89,63,543,29.3,5.9,13,4.2,8.6,1.7,4.4,3.6,4.8,0.9,2.5,3.3,1.3,0.8,0.2,2.8,2,17,8,17.8,5.8,11.7,2.3,6,4.9,6.6,1.2,3.4,4.6,1.8,1.1,0.2,3.8,2.7,23.2,20,0.6,0.5,3.3,9.6,6.4,10.7,1.7,0.6,15.4,30.6,466,105.6,104.8,2.1,0.9,3,3.5,-0.7,2.8,-0.1,3,0,15,-5.5,-66,-0.3,-17.1,-0.1
2015,Stanton Kidd,SF, United States,Colorado State ,Sr.,34,1023,148,319,111,227,37,92,60,81,76,96,172,62,28,28,50,82,393,30.1,4.4,9.4,3.3,6.7,1.1,2.7,1.8,2.4,2.2,2.8,5.1,1.8,0.8,0.8,1.5,2.4,11.6,5.8,12.5,4.3,8.9,1.4,3.6,2.3,3.2,3,3.8,6.7,2.4,1.1,1.1,2,3.2,15.4,19,0.6,0.5,8.5,10.9,9.7,12.9,1.7,3.2,12.3,20.6,383,114.7,99.7,2.5,1.6,4,3,1.9,4.9,-0.1,4,0,15,-13.7,-99,-0.3,-16.9,-0.1
2017,Erik McCree,PF, United States,Louisiana Tech ,Sr.,33,1046,202,424,148,275,54,149,127,165,53,242,295,44,15,15,84,53,585,31.7,6.1,12.8,4.5,8.3,1.6,4.5,3.8,5,1.6,7.3,8.9,1.3,0.5,0.5,2.5,1.6,17.7,7.7,16.2,5.7,10.5,2.1,5.7,4.9,6.3,2,9.3,11.3,1.7,0.6,0.6,3.2,2,22.4,22,0.6,0.5,5.8,25.1,15.7,8.5,0.8,1.5,14.3,27.7,521,109.3,94.5,2.3,2.3,4.6,0.9,-0.8,0.1,-0.1,4,0,8,-8.9,-96,-0.3,-13.7,0
2018,Zach Lofton,SG, United States,New Mexico State ,Sr.,33,1054,217,476,130,247,87,229,142,184,37,129,166,56,35,4,71,67,663,31.9,6.6,14.4,3.9,7.5,2.6,6.9,4.3,5.6,1.1,3.9,5,1.7,1.1,0.1,2.2,2,20.1,8.2,18.1,4.9,9.4,3.3,8.7,5.4,7,1.4,4.9,6.3,2.1,1.3,0.2,2.7,2.5,25.2,24,0.6,0.5,3.8,13.3,8.6,10.6,1.9,0.4,11.2,29.1,584,118.3,93.2,3.6,2.4,6,5.6,0.2,5.8,0,1,0,4,-10,-90,-0.4,-11.5,0
2019,Vic Law,SF, United States,Northwestern ,Sr.,30,1002,151,381,95,214,56,167,92,117,31,160,191,90,31,29,66,87,450,33.4,5,12.7,3.2,7.1,1.9,5.6,3.1,3.9,1,5.3,6.4,3,1,1,2.2,2.9,15,6,15.2,3.8,8.5,2.2,6.7,3.7,4.7,1.2,6.4,7.6,3.6,1.2,1.2,2.6,3.5,18,18,0.5,0.5,3.5,18.8,11,21.4,1.9,3.1,13.1,26.5,433,101.3,95.8,1.3,2,3.3,3,4.3,7.3,-0.1,5,0,9,-16.6,-116,-0.5,-25.2,-0.1
2018,Tyler Davis,C, United States,Texas A&M ,Jr.,35,1018,206,352,199,327,7,25,101,162,123,190,313,44,12,47,70,90,520,29.1,5.9,10.1,5.7,9.3,0.2,0.7,2.9,4.6,3.5,5.4,8.9,1.3,0.3,1.3,2,2.6,14.9,8.1,13.8,7.8,12.8,0.3,1,4,6.4,4.8,7.5,12.3,1.7,0.5,1.8,2.8,3.5,20.4,25,0.6,0.6,13.3,18.7,16.1,8.7,0.7,4.7,14,23.5,495,118.3,99.5,3,1.8,4.7,4.4,3.6,8.1,0,1,0,1,0,-51,-0.5,-40.7,0
2018,Malik Newman,SG, United States,Kansas ,So.,39,1234,186,402,101,197,85,205,96,115,20,176,196,82,42,6,57,61,553,31.6,4.8,10.3,2.6,5.1,2.2,5.3,2.5,2.9,0.5,4.5,5,2.1,1.1,0.2,1.5,1.6,14.2,6,13,3.3,6.4,2.8,6.6,3.1,3.7,0.6,5.7,6.4,2.7,1.4,0.2,1.8,2,17.9,19,0.6,0.6,2,15.2,9,11.2,1.9,0.5,11.1,20.8,505,120.2,103.3,3.2,1.7,4.9,5.5,1.9,7.4,0,1,0,4,-11.3,-65,-0.5,-25.9,0
2019,Josh Reaves,SG, United States,Penn State ,Sr.,32,1055,126,296,79,164,47,132,40,61,50,109,159,94,80,31,79,98,339,33,3.9,9.3,2.5,5.1,1.5,4.1,1.3,1.9,1.6,3.4,5,2.9,2.5,1,2.5,3.1,10.6,4.8,11.2,3,6.2,1.8,5,1.5,2.3,1.9,4.1,6,3.6,3,1.2,3,3.7,12.9,17,0.5,0.5,5.1,12.5,8.6,18.1,4.5,3.2,19.6,19.2,351,100.8,96,1,2.1,3.1,3.4,6.5,9.9,0,2,0,1,-40,-119,-1,-39.5,0
